-- PUBLIC.SYS_CITY definition

CREATE  TABLE SYS_CITY(
    `id` INT NOT NULL AUTO_INCREMENT,
    NAME VARCHAR(255) DEFAULT NULL,
    LEVEL INT DEFAULT NULL,
    PID INT DEFAULT '0',
    CITYCODE VARCHAR(255) DEFAULT NULL,
    P_ADCODE VARCHAR(255) DEFAULT NULL,
    ADCODE VARCHAR(255) DEFAULT NULL,
    LNG INT DEFAULT NULL,
    LAT INT DEFAULT NULL,
    SORT INT DEFAULT NULL,
    CREATE_USER INT DEFAULT '0',
    CREATE_TIME DATETIME DEFAULT NULL,
    UPDATE_USER INT DEFAULT '0',
    UPDATE_TIME DATETIME DEFAULT NULL,
    MARK INT DEFAULT '1',
  PRIMARY KEY (`id`)
)ENGINE=InnoDB DEFAULT CHARSET=utf8mb4;


-- PUBLIC.SYS_DEPT definition

CREATE  TABLE SYS_DEPT(
    `id` INT NOT NULL AUTO_INCREMENT,
    NAME VARCHAR(255) DEFAULT NULL,
    PID INT DEFAULT '0',
    TYPE INT DEFAULT NULL,
    HAS_CHILD INT DEFAULT NULL,
    SORT INT DEFAULT NULL,CREATE_USER INT DEFAULT '0',
    CREATE_TIME DATETIME DEFAULT NULL,
    UPDATE_USER INT DEFAULT '0',
    UPDATE_TIME DATETIME DEFAULT NULL,
    MARK INT DEFAULT '1',
  PRIMARY KEY (`id`)
)ENGINE=InnoDB DEFAULT CHARSET=utf8mb4;


-- PUBLIC.SYS_GEN_TABLE definition

CREATE  TABLE SYS_GEN_TABLE(
    `id` INT NOT NULL AUTO_INCREMENT,
    TABLE_NAME VARCHAR(255) DEFAULT NULL,
    TABLE_PREFIX VARCHAR(255) DEFAULT NULL,
    TABLE_COMMENT VARCHAR(255) DEFAULT NULL,
    CLASS_NAME VARCHAR(255) DEFAULT NULL,
    PACKAGE_NAME VARCHAR(255) DEFAULT NULL,
    MODULE_NAME VARCHAR(255) DEFAULT NULL,
    BUSINESS_NAME VARCHAR(255) DEFAULT NULL,
    FUNCTION_NAME VARCHAR(255) DEFAULT NULL,
    FUNCTION_AUTHOR VARCHAR(255) DEFAULT NULL,
    OPTIONS VARCHAR(255) DEFAULT NULL,
    NOTE VARCHAR(255) DEFAULT NULL,
    CREATE_USER INT DEFAULT '0',
    CREATE_TIME DATETIME DEFAULT NULL,
    UPDATE_USER INT DEFAULT '0',
    UPDATE_TIME DATETIME DEFAULT NULL,
    MARK INT DEFAULT '1',
  PRIMARY KEY (`id`)
)ENGINE=InnoDB DEFAULT CHARSET=utf8mb4;


-- PUBLIC.SYS_GEN_TABLE_COLUMN definition

CREATE  TABLE SYS_GEN_TABLE_COLUMN(
    `id` INT NOT NULL AUTO_INCREMENT,
    TABLE_ID INT DEFAULT NULL,
    COLUMN_NAME VARCHAR(255) DEFAULT NULL,
    COLUMN_COMMENT VARCHAR(255) DEFAULT NULL,
    COLUMN_TYPE VARCHAR(255) DEFAULT NULL,
    JAVA_TYPE VARCHAR(255) DEFAULT NULL,
    JAVA_FIELD VARCHAR(255) DEFAULT NULL,
    IS_PK INT DEFAULT NULL,
    IS_INCREMENT INT DEFAULT NULL,
    IS_REQUIRED INT DEFAULT NULL,
    IS_INSERT INT DEFAULT NULL,
    IS_EDIT INT DEFAULT NULL,
    IS_LIST INT DEFAULT NULL,
    IS_QUERY INT DEFAULT NULL,
    QUERY_TYPE VARCHAR(255) DEFAULT NULL,
    HTML_TYPE VARCHAR(255) DEFAULT NULL,
    DICT_TYPE VARCHAR(255) DEFAULT NULL,
    SORT INT DEFAULT NULL,
    CREATE_USER INT DEFAULT '0',
    CREATE_TIME DATETIME DEFAULT NULL,
    UPDATE_USER INT DEFAULT '0',
    UPDATE_TIME DATETIME DEFAULT NULL,
    MARK INT DEFAULT '1',
  PRIMARY KEY (`id`)
)ENGINE=InnoDB DEFAULT CHARSET=utf8mb4;


-- PUBLIC.SYS_LEVEL definition

CREATE  TABLE SYS_LEVEL(
    `id` INT NOT NULL AUTO_INCREMENT,
    NAME VARCHAR(255) DEFAULT NULL,
    STATUS INT DEFAULT NULL,
    SORT INT DEFAULT NULL,
    CREATE_USER INT DEFAULT '0',
    CREATE_TIME DATETIME DEFAULT NULL,
    UPDATE_USER INT DEFAULT '0',
    UPDATE_TIME DATETIME DEFAULT NULL,
    MARK INT DEFAULT '1',
  PRIMARY KEY (`id`)
)ENGINE=InnoDB DEFAULT CHARSET=utf8mb4;


-- PUBLIC.SYS_LOGIN_LOG definition

CREATE  TABLE SYS_LOGIN_LOG(
    `id` INT NOT NULL AUTO_INCREMENT,
    TITLE VARCHAR(255) DEFAULT NULL,
    LOGIN_NAME VARCHAR(255) DEFAULT NULL,
    LOGIN_TIME DATETIME DEFAULT NULL,
    LOGIN_IP VARCHAR(255) DEFAULT NULL,
    LOGIN_LOCATION VARCHAR(255) DEFAULT NULL,
    BROWSER VARCHAR(255) DEFAULT NULL,
    OS VARCHAR(255) DEFAULT NULL,
    STATUS INT DEFAULT NULL,
    TYPE INT DEFAULT NULL,
    MSG VARCHAR(255) DEFAULT NULL,
    CREATE_USER INT DEFAULT '0',
    CREATE_TIME DATETIME DEFAULT NULL,
    UPDATE_USER INT DEFAULT '0',
    UPDATE_TIME DATETIME DEFAULT NULL,
    MARK INT DEFAULT '1',
  PRIMARY KEY (`id`)
)ENGINE=InnoDB DEFAULT CHARSET=utf8mb4;


-- PUBLIC.SYS_MENU definition

CREATE  TABLE SYS_MENU(
    `id` INT NOT NULL AUTO_INCREMENT,
    NAME VARCHAR(255) DEFAULT NULL,
    ICON VARCHAR(255) DEFAULT NULL,
    URL VARCHAR(255) DEFAULT NULL,
    PARAM VARCHAR(255) DEFAULT NULL,
    PID INT DEFAULT '0',
    TYPE INT DEFAULT NULL,
    PERMISSION VARCHAR(255) DEFAULT NULL,
    STATUS INT DEFAULT NULL,
    IS_PUBLIC INT DEFAULT NULL,
    NOTE VARCHAR(255) DEFAULT NULL,
    SORT INT DEFAULT NULL,
    CREATE_USER INT DEFAULT '0',
    CREATE_TIME DATETIME DEFAULT NULL,
    UPDATE_USER INT DEFAULT '0',
    UPDATE_TIME DATETIME DEFAULT NULL,
    MARK INT DEFAULT '1',
  PRIMARY KEY (`id`)
)ENGINE=InnoDB DEFAULT CHARSET=utf8mb4;


-- PUBLIC.SYS_OPER_LOG definition

CREATE  TABLE SYS_OPER_LOG(
    `id` INT NOT NULL AUTO_INCREMENT,
    TITLE VARCHAR(255) DEFAULT NULL,
    BUSINESS_TYPE INT DEFAULT NULL,
    METHOD VARCHAR(255) DEFAULT NULL,
    REQUEST_METHOD VARCHAR(255) DEFAULT NULL,
    OPERATOR_TYPE INT DEFAULT NULL,
    OPER_NAME VARCHAR(255) DEFAULT NULL,
    OPER_URL VARCHAR(255) DEFAULT NULL,
    OPER_IP VARCHAR(255) DEFAULT NULL,
    OPER_LOCATION VARCHAR(255) DEFAULT NULL,
    OPER_PARAM VARCHAR(2000) DEFAULT NULL,
    JSON_RESULT VARCHAR(2000) DEFAULT NULL,
    STATUS INT DEFAULT NULL,
    ERROR_MSG TEXT,
    CREATE_USER INT DEFAULT '0',
    CREATE_TIME DATETIME DEFAULT NULL,
    UPDATE_USER INT DEFAULT '0',
    UPDATE_TIME DATETIME DEFAULT NULL,
    MARK INT DEFAULT '1',
  PRIMARY KEY (`id`)
)ENGINE=InnoDB DEFAULT CHARSET=utf8mb4;


-- PUBLIC.SYS_POSITION definition

CREATE  TABLE SYS_POSITION(
    `id` INT NOT NULL AUTO_INCREMENT,
    NAME VARCHAR(255) DEFAULT NULL,
    STATUS INT DEFAULT NULL,
    SORT INT DEFAULT NULL,
    CREATE_USER INT DEFAULT '0',
    CREATE_TIME DATETIME DEFAULT NULL,
    UPDATE_USER INT DEFAULT '0',
    UPDATE_TIME DATETIME DEFAULT NULL,
    MARK INT DEFAULT '1',
  PRIMARY KEY (`id`)
)ENGINE=InnoDB DEFAULT CHARSET=utf8mb4;


-- PUBLIC.SYS_ROLE definition

CREATE  TABLE SYS_ROLE(
    `id` INT NOT NULL AUTO_INCREMENT,
    NAME VARCHAR(255) DEFAULT NULL,
    RULES VARCHAR(255) DEFAULT NULL,
    STATUS INT DEFAULT NULL,
    SORT INT DEFAULT NULL,
    CREATE_USER INT DEFAULT '0',
    CREATE_TIME DATETIME DEFAULT NULL,
    UPDATE_USER INT DEFAULT '0',
    UPDATE_TIME DATETIME DEFAULT NULL,
    MARK INT DEFAULT '1',
  PRIMARY KEY (`id`)
)ENGINE=InnoDB DEFAULT CHARSET=utf8mb4;


-- PUBLIC.SYS_ROLE_MENU definition

CREATE  TABLE SYS_ROLE_MENU(
    `id` INT NOT NULL AUTO_INCREMENT,
    ROLE_ID INT DEFAULT NULL,
    MENU_ID INT DEFAULT NULL,
    CREATE_USER INT DEFAULT '0',
    CREATE_TIME DATETIME DEFAULT NULL,
    UPDATE_USER INT DEFAULT '0',
    UPDATE_TIME DATETIME DEFAULT NULL,
    MARK INT DEFAULT '1',
  PRIMARY KEY (`id`)
)ENGINE=InnoDB DEFAULT CHARSET=utf8mb4;


-- PUBLIC.SYS_USER definition

CREATE  TABLE SYS_USER(
    `id` INT NOT NULL AUTO_INCREMENT,
    REALNAME VARCHAR(255) DEFAULT NULL,
    NICKNAME VARCHAR(255) DEFAULT NULL,
    GENDER INT DEFAULT NULL,
    AVATAR VARCHAR(255) DEFAULT NULL,
    MOBILE VARCHAR(255) DEFAULT NULL,
    EMAIL VARCHAR(255) DEFAULT NULL,
    BIRTHDAY DATETIME DEFAULT NULL,
    DEPT_ID INT DEFAULT NULL,
    LEVEL_ID INT DEFAULT NULL,
    POSITION_ID INT DEFAULT NULL,
    PROVINCE_ID INT DEFAULT NULL,
    CITY_ID INT DEFAULT NULL,
    DISTRICT_ID INT DEFAULT NULL,
    ADDRESS VARCHAR(255) DEFAULT NULL,
    CITY_NAME VARCHAR(255) DEFAULT NULL,
    USERNAME VARCHAR(255) DEFAULT NULL,
    PASSWORD VARCHAR(255) DEFAULT NULL,
    SALT VARCHAR(255) DEFAULT NULL,
    TAGS VARCHAR(255) DEFAULT NULL,
    INTRO VARCHAR(255) DEFAULT NULL,
    STATUS INT DEFAULT NULL,
    NOTE VARCHAR(255) DEFAULT NULL,
    SORT INT DEFAULT NULL,
    LOGIN_NUM INT DEFAULT NULL,
    LOGIN_IP VARCHAR(255) DEFAULT NULL,
    LOGIN_TIME DATETIME DEFAULT NULL,
    CREATE_USER INT DEFAULT '0',
    CREATE_TIME DATETIME DEFAULT NULL,
    UPDATE_USER INT DEFAULT '0',
    UPDATE_TIME DATETIME DEFAULT NULL,
    MARK INT DEFAULT '1',
  PRIMARY KEY (`id`)
)ENGINE=InnoDB DEFAULT CHARSET=utf8mb4;


-- PUBLIC.SYS_USER_ROLE definition

CREATE  TABLE SYS_USER_ROLE(
    `id` INT NOT NULL AUTO_INCREMENT,
    USER_ID INT DEFAULT NULL,
    ROLE_ID INT DEFAULT NULL,
    CREATE_USER INT DEFAULT '0',
    CREATE_TIME DATETIME DEFAULT NULL,
    UPDATE_USER INT DEFAULT '0',
    UPDATE_TIME DATETIME DEFAULT NULL,
    MARK INT DEFAULT '1',
  PRIMARY KEY (`id`)
)ENGINE=InnoDB DEFAULT CHARSET=utf8mb4;


-- PUBLIC.UMS_ASK_FOR_DAY_OFF_LOG definition

CREATE  TABLE UMS_ASK_FOR_DAY_OFF_LOG(
    `id` INT NOT NULL AUTO_INCREMENT,
    EMPLOYEE_ID VARCHAR(255) NOT NULL COMMENT '员工号',
    DAY_OFF_TYPE_ID INT NOT NULL COMMENT '请假类型',
    START_DATE DATETIME DEFAULT NULL COMMENT '开始时间',
    START_HALF_DAY VARCHAR(255) DEFAULT NULL COMMENT '开始半天',
    END_DATE DATETIME DEFAULT NULL COMMENT '结束时间',
    END_HALF_DAY VARCHAR(255) DEFAULT NULL COMMENT '结束半天',
    DAYS FLOAT DEFAULT 0 COMMENT '请假天数',
    NOTE VARCHAR(255) DEFAULT NULL COMMENT '备注',
    CREATE_USER INT DEFAULT '0' COMMENT '创建人',
    CREATE_TIME DATETIME DEFAULT NULL COMMENT '创建时间',
    UPDATE_USER INT DEFAULT '0' COMMENT '更新人',
    UPDATE_TIME DATETIME DEFAULT NULL COMMENT '更新时间',
    MARK INT DEFAULT '1' COMMENT '有效标志',
  PRIMARY KEY (`id`)
)ENGINE=InnoDB DEFAULT CHARSET=utf8mb4;


-- PUBLIC.UMS_DAY_OFF_TYPE definition

CREATE  TABLE UMS_DAY_OFF_TYPE(
    `id` INT NOT NULL AUTO_INCREMENT,
    NAME VARCHAR(255) DEFAULT NULL COMMENT '类型名称',
    NOTE VARCHAR(255) DEFAULT NULL COMMENT '备注',
    CREATE_USER INT DEFAULT '0' COMMENT '创建人',
    CREATE_TIME DATETIME DEFAULT NULL COMMENT '创建时间',
    UPDATE_USER INT DEFAULT '0' COMMENT '更新人',
    UPDATE_TIME DATETIME DEFAULT NULL COMMENT '更新时间',
    MARK INT DEFAULT '1' COMMENT '有效标志',
  PRIMARY KEY (`id`)
)ENGINE=InnoDB DEFAULT CHARSET=utf8mb4;


-- PUBLIC.UMS_EMPLOYEE definition

CREATE  TABLE UMS_EMPLOYEE(
    `id` INT NOT NULL AUTO_INCREMENT,
    EMPLOYEE_ID VARCHAR(255) NOT NULL COMMENT '员工号',
    REALNAME VARCHAR(255) DEFAULT NULL COMMENT '真实姓名',
    NICKNAME VARCHAR(255) DEFAULT NULL COMMENT '昵称',
    GENDER INT DEFAULT NULL COMMENT '性别',
    AVATAR VARCHAR(255) DEFAULT NULL COMMENT '头像',
    MOBILE VARCHAR(255) DEFAULT NULL COMMENT '手机',
    EMAIL VARCHAR(255) DEFAULT NULL COMMENT '邮箱',
    BIRTHDAY DATETIME DEFAULT NULL COMMENT '生日',
    DEPT_ID INT DEFAULT NULL COMMENT '部门',
    LEVEL_ID INT DEFAULT NULL COMMENT '级别',
    POSITION_ID INT DEFAULT NULL COMMENT '职位',
    PROVINCE_ID INT DEFAULT NULL COMMENT '省',
    CITY_ID INT DEFAULT NULL COMMENT '市',
    DISTRICT_ID INT DEFAULT NULL COMMENT '区/县',
    ADDRESS VARCHAR(255) DEFAULT NULL COMMENT '地址',
    ENROLLMENT_DATE DATETIME DEFAULT NULL COMMENT '入职日期',
    FORMAL_DATE DATETIME DEFAULT NULL COMMENT '转正日期',
    LEAVE_DATE DATETIME DEFAULT NULL COMMENT '离职日期',
    WORK_YEAR FLOAT DEFAULT 0.1 COMMENT '工龄',
    STATUS INT DEFAULT NULL COMMENT '状态',
    NOTE VARCHAR(255) DEFAULT NULL COMMENT '备注',
    CREATE_USER INT DEFAULT '0' COMMENT '创建人',
    CREATE_TIME DATETIME DEFAULT NULL COMMENT '创建时间',
    UPDATE_USER INT DEFAULT '0' COMMENT '更新人',
    UPDATE_TIME DATETIME DEFAULT NULL COMMENT '更新时间',
    MARK INT DEFAULT '1' COMMENT '有效标志',
  PRIMARY KEY (`id`)
)ENGINE=InnoDB DEFAULT CHARSET=utf8mb4;


-- PUBLIC.UMS_EMPLOYEE_SPECIAL_ANNUAL_VACATION_SETTING definition

CREATE  TABLE UMS_EMPLOYEE_SPECIAL_ANNUAL_VACATION_SETTING(
    `id` INT NOT NULL AUTO_INCREMENT,
    EMPLOYEE_ID VARCHAR(255) NOT NULL COMMENT '员工号',
    DAYS INT DEFAULT 5 NOT NULL COMMENT '年假基数',
    NOTE VARCHAR(255) DEFAULT NULL COMMENT '备注',
    CREATE_USER INT DEFAULT '0' COMMENT '创建人',
    CREATE_TIME DATETIME DEFAULT NULL COMMENT '创建时间',
    UPDATE_USER INT DEFAULT '0' COMMENT '更新人',
    UPDATE_TIME DATETIME DEFAULT NULL COMMENT '更新时间',
    MARK INT DEFAULT '1' COMMENT '有效标志',
  PRIMARY KEY (`id`)
)ENGINE=InnoDB DEFAULT CHARSET=utf8mb4;


-- PUBLIC.UMS_LEVEL_ANNUAL_VACATION_SETTING definition

CREATE  TABLE UMS_LEVEL_ANNUAL_VACATION_SETTING(
    `id` INT NOT NULL AUTO_INCREMENT,
    LEVEL_ID INT NOT NULL COMMENT '级别id',
    DAYS INT DEFAULT 5 NOT NULL COMMENT '年假基数',
    NOTE VARCHAR(255) DEFAULT NULL COMMENT '备注',
    CREATE_USER INT DEFAULT '0' COMMENT '创建人',
    CREATE_TIME DATETIME DEFAULT NULL COMMENT '创建时间',
    UPDATE_USER INT DEFAULT '0' COMMENT '更新人',
    UPDATE_TIME DATETIME DEFAULT NULL COMMENT '更新时间',
    MARK INT DEFAULT '1' COMMENT '有效标志',
  PRIMARY KEY (`id`)
)ENGINE=InnoDB DEFAULT CHARSET=utf8mb4;


-- PUBLIC.UMS_NATURE_YEAR_ANNUAL_VACATION_BALANCE definition

CREATE  TABLE UMS_NATURE_YEAR_ANNUAL_VACATION_BALANCE(
    `id` INT NOT NULL AUTO_INCREMENT,
    EMPLOYEE_ID VARCHAR(255) NOT NULL COMMENT '员工号',
    YEAR INT NOT NULL COMMENT '年份',
    DAYS FLOAT DEFAULT 0 COMMENT '剩余天数',
    NOTE VARCHAR(255) DEFAULT NULL COMMENT '备注',
    CREATE_USER INT DEFAULT '0' COMMENT '创建人',
    CREATE_TIME DATETIME DEFAULT NULL COMMENT '创建时间',
    UPDATE_USER INT DEFAULT '0' COMMENT '更新人',
    UPDATE_TIME DATETIME DEFAULT NULL COMMENT '更新时间',
    MARK INT DEFAULT '1' COMMENT '有效标志',
  PRIMARY KEY (`id`)
)ENGINE=InnoDB DEFAULT CHARSET=utf8mb4;



INSERT INTO SYS_DEPT (NAME,PID,`TYPE`,HAS_CHILD,SORT,ID,CREATE_USER,CREATE_TIME,UPDATE_USER,UPDATE_TIME,MARK) VALUES
	 ('CEO',0,2,1,1,18,0,NULL,0,NULL,1),
	 ('华南地区',0,2,1,1,19,0,NULL,0,NULL,1),
	 ('华北团队',0,2,1,1,20,0,NULL,0,NULL,1),
	 ('功能顾问团队',0,2,1,1,21,0,NULL,0,NULL,1),
	 ('项目经理团队',0,2,1,1,22,0,NULL,0,NULL,1),
	 ('TA团队',0,2,1,1,23,0,NULL,0,NULL,1),
	 ('测试运维团队',0,2,1,1,24,0,NULL,0,NULL,1),
	 ('华东团队',0,2,1,1,25,0,NULL,0,NULL,1),
	 ('行政人事财务团队',0,2,1,1,26,0,NULL,0,NULL,1),
	 ('北京开发团队',0,2,1,1,27,0,NULL,0,NULL,1),
	 ('南京交付团队',0,2,1,1,28,0,NULL,0,NULL,1),
	 ('华东地区',0,2,1,1,29,0,NULL,0,NULL,1),
	 ('苏州开发团队',0,2,1,1,30,0,NULL,0,NULL,1),
	 ('销售团队',0,2,1,1,31,0,NULL,0,NULL,1),
	 ('智能制造团队',0,2,1,1,32,0,NULL,0,NULL,1),
	 ('marketing',0,2,1,1,33,0,NULL,0,NULL,1);

INSERT INTO SYS_LEVEL (NAME,STATUS,SORT,ID,CREATE_USER,CREATE_TIME,UPDATE_USER,UPDATE_TIME,MARK) VALUES
	 ('F',1,1,17,0,NULL,0,NULL,1),
	 ('E2',1,1,18,0,NULL,0,NULL,1),
	 ('D2',1,1,19,0,NULL,0,NULL,1),
	 ('C1',1,1,20,0,NULL,0,NULL,1),
	 ('C2',1,1,21,0,NULL,0,NULL,1),
	 ('E1',1,1,22,0,NULL,0,NULL,1),
	 ('B2',1,1,23,0,NULL,0,NULL,1),
	 ('A2',1,1,24,0,NULL,0,NULL,1),
	 ('B1',1,1,25,0,NULL,0,NULL,1),
	 ('A1',1,1,26,0,NULL,0,NULL,1),
	 ('D1',1,1,27,0,NULL,0,NULL,1);

INSERT INTO SYS_MENU (ID,NAME,ICON,URL,PARAM,PID,`TYPE`,PERMISSION,STATUS,IS_PUBLIC,NOTE,SORT,CREATE_USER,CREATE_TIME,UPDATE_USER,UPDATE_TIME,MARK) VALUES
	 (1,'系统管理','layui-icon-login-wechat','#','',0,1,'',1,1,'',1,1,NULL,0,NULL,1),
	 (2,'权限管理','layui-icon-set','#','',1,2,'',1,2,'',1,1,NULL,0,NULL,1),
	 (3,'用户管理','layui-icon-username','/user/index','',2,3,'sys:user:index',1,2,'',1,1,NULL,0,NULL,1),
	 (4,'列表','layui-icon-home','/user/list','',3,4,'sys:user:list',1,2,'',1,1,NULL,0,NULL,1),
	 (5,'添加','layui-icon-home','/user/add','',3,4,'sys:user:add',1,2,'',2,1,NULL,0,NULL,1),
	 (6,'修改','layui-icon-home','/user/update','',3,4,'sys:user:update',1,2,'',3,1,NULL,0,NULL,1),
	 (7,'删除','layui-icon-home','/user/delete','',3,4,'sys:user:delete',1,2,'',4,1,NULL,0,NULL,1),
	 (8,'状态','layui-icon-home','/user/setStatus','',3,4,'sys:user:status',1,2,'',5,1,NULL,0,NULL,1),
	 (9,'批量删除','','/user/batchDelete','',3,4,'sys:user:dall',1,2,'',6,1,NULL,0,NULL,1),
	 (10,'角色管理','layui-icon-group','/role/index','',2,3,'',1,2,'',2,1,NULL,0,NULL,1),
	 (11,'列表','layui-icon-home','/role/list','',10,4,'sys:role:list',1,2,'',1,1,NULL,0,NULL,1),
	 (12,'添加','layui-icon-home','/role/add','',10,4,'sys:role:add',1,2,'',5,1,NULL,0,NULL,1),
	 (13,'修改','layui-icon-home','/role/update','',10,4,'sys:role:update',1,2,'',10,1,NULL,0,NULL,1),
	 (14,'删除','layui-icon-home','/role/delete','',10,4,'sys:role:delete',1,2,'',15,1,NULL,0,NULL,1),
	 (15,'状态','','/role/setStatus','',10,4,'sys:role:status',1,2,'',20,1,NULL,0,NULL,1),
	 (16,'批量删除','','/role/batchDelete','',10,4,'sys:role:dall',1,2,'',25,1,NULL,0,NULL,1),
	 (17,'权限分配','layui-icon-home','/role/permission','',10,4,'sys:role:permission',1,2,'',30,1,NULL,0,NULL,1),
	 (18,'职级管理','layui-icon-auz','/level/index','',2,3,'sys:level:index',2,2,'',3,1,NULL,0,NULL,1),
	 (19,'列表','','/level/list','',18,4,'sys:level:list',1,2,'',1,1,NULL,0,NULL,1),
	 (20,'添加','','/level/add','',18,4,'sys:level:add',1,2,'',5,1,NULL,0,NULL,1),
	 (21,'修改','','/level/update','',18,4,'sys:level:update',1,2,'',10,1,NULL,0,NULL,1),
	 (22,'删除','','/level/delete','',18,4,'sys:level:delete',1,2,'',15,1,NULL,0,NULL,1),
	 (23,'状态','layui-icon-home','/level/setStatus','',18,4,'sys:level:status',1,2,'',20,1,NULL,0,NULL,1),
	 (24,'批量删除','','/level/batchDelete','',18,4,'sys:level:dall',1,2,'',25,1,NULL,0,NULL,1),
	 (25,'岗位管理','layui-icon-home','/position/index','',2,3,'sys:position:index',2,2,'',4,1,NULL,0,NULL,1),
	 (26,'列表','','/position/list','',25,4,'sys:position:list',1,2,'',1,1,NULL,0,NULL,1),
	 (27,'添加','','/position/add','',25,4,'sys:position:add',1,2,'',5,1,NULL,0,NULL,1),
	 (28,'修改','','/position/update','',25,4,'sys:position:update',1,2,'',10,1,NULL,0,NULL,1),
	 (29,'删除','','/position/delete','',25,4,'sys:position:delete',1,2,'',15,1,NULL,0,NULL,1),
	 (30,'状态','','/position/setStatus','',25,4,'sys:position:status',1,2,'',20,1,NULL,0,NULL,1),
	 (31,'批量删除','','/position/batchDelete','',25,4,'sys:position:dall',1,2,'',25,1,NULL,0,NULL,1),
	 (32,'部门管理','layui-icon-home','/dept/index','',2,3,'sys:dept:index',2,2,'',5,1,NULL,0,NULL,1),
	 (33,'列表','','/dept/list','',32,4,'sys:dept:list',1,2,'',1,1,NULL,0,NULL,1),
	 (34,'添加','','/dept/add','',32,4,'sys:dept:add',1,2,'',5,1,NULL,0,NULL,1),
	 (35,'修改','','/dept/update','',32,4,'sys:dept:update',1,2,'',10,1,NULL,0,NULL,1),
	 (36,'删除','','/dept/delete','',32,4,'sys:dept:delete',1,2,'',15,1,NULL,0,NULL,1),
	 (37,'批量删除','','/dept/batchDelete','',32,4,'sys:dept:dall',1,2,'',25,1,NULL,0,NULL,1),
	 (38,'全部展开','','/dept/expand','',32,4,'sys:dept:expand',1,2,'',30,1,NULL,0,NULL,1),
	 (39,'全部折叠','','/dept/collapse','',32,4,'sys:dept:collapse',1,2,'',35,1,NULL,0,NULL,1),
	 (40,'添加子级','','/dept/addz','',32,4,'sys:dept:addz',1,2,'',40,1,NULL,0,NULL,1),
	 (41,'菜单管理','layui-icon-home','/menu/index','',2,3,'sys:menu:index',1,2,'',6,1,NULL,0,NULL,1),
	 (42,'列表','','/menu/list','',41,4,'sys:menu:list',1,2,'',1,1,NULL,0,NULL,1),
	 (43,'添加','','/menu/add','',41,4,'sys:menu:add',1,2,'',5,1,NULL,0,NULL,1),
	 (44,'修改','','/menu/update','',41,4,'sys:menu:update',1,2,'',10,1,NULL,0,NULL,1),
	 (45,'删除','','/menu/delete','',41,4,'sys:menu:delete',1,2,'',15,1,NULL,0,NULL,1),
	 (46,'状态','','/menu/setStatus','',41,4,'sys:menu:status',1,2,'',20,1,NULL,0,NULL,1),
	 (47,'批量删除','','/menu/batchDelete','',41,4,'sys:menu:dall',1,2,'',25,1,NULL,0,NULL,1),
	 (48,'全部展开','','/menu/expand','',41,4,'sys:menu:expand',1,2,'',30,1,NULL,0,NULL,1),
	 (49,'全部折叠','','/menu/collapse','',41,4,'sys:menu:collapse',1,2,'',35,1,NULL,0,NULL,1),
	 (50,'添加子级','','/menu/addz','',41,4,'sys:menu:addz',1,2,'',40,1,NULL,0,NULL,1),
	 (51,'操作日志','layui-icon-home','/operlog/index','',2,3,'sys:operlog:index',1,2,'',7,1,NULL,0,NULL,1),
	 (52,'列表','','/operlog/list','',51,4,'sys:operlog:list',1,2,'',1,1,NULL,0,NULL,1),
	 (53,'删除','','/operlog/delete','',51,4,'sys:operlog:delete',1,2,'',15,1,NULL,0,NULL,1),
	 (54,'批量删除','','/operlog/batchDelete','',51,4,'sys:operlog:dall',1,2,'',25,1,NULL,0,NULL,1),
	 (55,'登录日志','layui-icon-home','/loginlog/index','',2,3,'sys:loginlog:index',1,2,'',8,1,NULL,0,NULL,1),
	 (56,'列表','','/loginlog/list','',55,4,'sys:loginlog:list',1,2,'',1,1,NULL,0,NULL,1),
	 (57,'删除','','/loginlog/delete','',55,4,'sys:loginlog:delete',1,2,'',15,1,NULL,0,NULL,1),
	 (58,'批量删除','','/loginlog/batchDelete','',55,4,'sys:loginlog:dall',1,2,'',25,1,NULL,0,NULL,1),
	 (59,'字典管理','layui-icon-app','#','',1,2,'',2,2,'',2,1,NULL,0,NULL,1),
	 (60,'字典类型','layui-icon-home','/dictype/index','',59,3,'sys:dictype:index',1,2,'',1,1,NULL,0,NULL,1),
	 (61,'列表','','/dictype/list','',60,4,'sys:dictype:list',1,2,'',1,1,NULL,0,NULL,1),
	 (62,'添加','','/dictype/add','',60,4,'sys:dictype:add',1,2,'',5,1,NULL,0,NULL,1),
	 (63,'修改','','/dictype/update','',60,4,'sys:dictype:update',1,2,'',10,1,NULL,0,NULL,1),
	 (64,'删除','','/dictype/delete','',60,4,'sys:dictype:delete',1,2,'',15,1,NULL,0,NULL,1),
	 (65,'批量删除','','/dictype/batchDelete','',60,4,'sys:dictype:dall',1,2,'',25,1,NULL,0,NULL,1),
	 (66,'字典管理','layui-icon-home','/dic/index','',59,3,'sys:dic:index',1,2,'',5,1,NULL,0,NULL,1),
	 (67,'列表','','/dic/list','',66,4,'sys:dic:list',1,2,'',1,1,NULL,0,NULL,1),
	 (68,'添加','','/dic/add','',66,4,'sys:dic:add',1,2,'',5,1,NULL,0,NULL,1),
	 (69,'修改','','/dic/update','',66,4,'sys:dic:update',1,2,'',10,1,NULL,0,NULL,1),
	 (70,'删除','','/dic/delete','',66,4,'sys:dic:delete',1,2,'',15,1,NULL,0,NULL,1),
	 (71,'状态','','/dic/setStatus','',66,4,'sys:dic:status',1,2,'',20,1,NULL,0,NULL,1),
	 (72,'批量删除','','/dic/batchDelete','',66,4,'sys:dic:dall',1,2,'',25,1,NULL,0,NULL,1),
	 (73,'应用中心','layui-icon-theme','#','',1,2,'',2,2,'',3,1,NULL,0,NULL,1),
	 (74,'行政区划','layui-icon-home','/city/index','',73,3,'sys:index:index',1,2,'',5,1,NULL,0,NULL,1),
	 (75,'列表','','/city/list','',74,4,'sys:city:list',1,2,'',1,1,NULL,0,NULL,1),
	 (76,'添加','','/city/add','',74,4,'sys:city:add',1,2,'',5,1,NULL,0,NULL,1),
	 (77,'修改','','/city/update','',74,4,'sys:city:update',1,2,'',10,1,NULL,0,NULL,1),
	 (78,'删除','','/city/delete','',74,4,'sys:city:delete',1,2,'',15,1,NULL,0,NULL,1),
	 (79,'批量删除','','/city/batchDelete','',74,4,'sys:city:dall',1,2,'',25,1,NULL,0,NULL,1),
	 (80,'全部展开','','/city/expand','',74,4,'sys:city:expand',1,2,'',30,1,NULL,0,NULL,1),
	 (81,'全部折叠','','/city/collapse','',74,4,'sys:city:collapse',1,2,'',35,1,NULL,0,NULL,1),
	 (82,'添加子级','','/city/addz','',74,4,'sys:city:addz',1,2,'',40,1,NULL,0,NULL,1),
	 (83,'定时任务','layui-icon-home','/crontab/index','',73,3,'sys:crontab:index',1,2,'',10,1,NULL,0,NULL,1),
	 (84,'列表','','/crontab/list','',83,4,'sys:crontab:list',1,2,'',1,1,NULL,0,NULL,1),
	 (85,'添加','','/crontab/add','',83,4,'sys:crontab:add',1,2,'',5,1,NULL,0,NULL,1),
	 (86,'修改','','/crontab/update','',83,4,'sys:crontab:update',1,2,'',10,1,NULL,0,NULL,1),
	 (87,'删除','','/crontab/delete','',83,4,'sys:crontab:delete',1,2,'',15,1,NULL,0,NULL,1),
	 (88,'状态','','/crontab/setStatus','',83,4,'sys:crontab:status',1,2,'',20,1,NULL,0,NULL,1),
	 (89,'批量删除','','/crontab/batchDelete','',83,4,'sys:crontab:dall',1,2,'',25,1,NULL,0,NULL,1),
	 (90,'系统工具','layui-icon-set','#','',1,2,'',2,2,'',4,1,NULL,0,NULL,1),
	 (91,'代码生成','layui-icon-home','/gentable/index','',90,3,'sys:gentable:index',1,2,'',1,1,NULL,0,NULL,1),
	 (92,'列表','','/gentable/list','',91,4,'sys:gentable:list',1,2,'',1,1,NULL,0,NULL,1),
	 (93,'导入数据表','layui-icon-home','/gentable/importTable','',91,4,'sys:gentable:importTable',1,2,'',5,1,NULL,0,NULL,1),
	 (94,'修改','','/gentable/update','',91,4,'sys:gentable:update',1,2,'',10,1,NULL,0,NULL,1),
	 (95,'删除','','/gentable/delete','',91,4,'sys:gentable:delete',1,2,'',15,1,NULL,0,NULL,1),
	 (96,'生成代码','layui-icon-home','/gentable/generator','',91,4,'sys:gentable:generator',1,2,'',20,1,NULL,0,NULL,1),
	 (97,'批量删除','','/gentable/batchDelete','',91,4,'sys:gentable:dall',1,2,'',25,1,NULL,0,NULL,1),
	 (98,'导出数据','','/level/export','',18,4,'sys:level:export',1,2,'',45,0,NULL,0,NULL,1),
	 (99,'导入数据','','/level/import','',18,4,'sys:level:import',1,2,'',50,0,NULL,0,NULL,1),
	 (100,'员工','layui-icon-home','/employee/index',NULL,107,3,'sys:employee:index',1,NULL,NULL,5,1,'2022-02-12 01:14:10',1,'2022-02-12 22:09:49',1);
INSERT INTO SYS_MENU (ID,NAME,ICON,URL,PARAM,PID,`TYPE`,PERMISSION,STATUS,IS_PUBLIC,NOTE,SORT,CREATE_USER,CREATE_TIME,UPDATE_USER,UPDATE_TIME,MARK) VALUES
	 (101,'列表',NULL,'/employee/list',NULL,100,4,'sys:employee:list',1,NULL,NULL,1,1,'2022-02-12 01:14:10',0,NULL,1),
	 (102,'添加',NULL,'/employee/add',NULL,100,4,'sys:employee:add',1,NULL,NULL,5,1,'2022-02-12 01:14:10',0,NULL,1),
	 (103,'修改',NULL,'/employee/update',NULL,100,4,'sys:employee:update',1,NULL,NULL,10,1,'2022-02-12 01:14:10',0,NULL,1),
	 (104,'删除',NULL,'/employee/delete',NULL,100,4,'sys:employee:delete',1,NULL,NULL,15,1,'2022-02-12 01:14:10',0,NULL,1),
	 (105,'批量删除',NULL,'/employee/batchDelete',NULL,100,4,'sys:employee:dall',1,NULL,NULL,25,1,'2022-02-12 01:14:10',0,NULL,1),
	 (106,'Hammers','layui-icon-home','#','',0,1,'',1,1,'',0,1,'2022-02-12 01:28:59',0,NULL,1),
	 (107,'基础信息','layui-icon-username','#','',106,2,'',1,1,'',0,1,'2022-02-12 01:29:37',0,NULL,1),
	 (108,'级别年假基数','layui-icon-home','/levelannualvacationsetting/index',NULL,107,3,'sys:levelannualvacationsetting:index',1,NULL,NULL,5,1,'2022-02-12 21:43:36',1,'2022-02-12 21:48:03',1),
	 (109,'列表',NULL,'/levelannualvacationsetting/list',NULL,108,4,'sys:levelannualvacationsetting:list',1,NULL,NULL,1,1,'2022-02-12 21:43:36',0,NULL,1),
	 (110,'添加',NULL,'/levelannualvacationsetting/add',NULL,108,4,'sys:levelannualvacationsetting:add',1,NULL,NULL,5,1,'2022-02-12 21:43:36',0,NULL,1),
	 (111,'修改',NULL,'/levelannualvacationsetting/update',NULL,108,4,'sys:levelannualvacationsetting:update',1,NULL,NULL,10,1,'2022-02-12 21:43:36',0,NULL,1),
	 (112,'删除',NULL,'/levelannualvacationsetting/delete',NULL,108,4,'sys:levelannualvacationsetting:delete',1,NULL,NULL,15,1,'2022-02-12 21:43:36',0,NULL,1),
	 (113,'批量删除',NULL,'/levelannualvacationsetting/batchDelete',NULL,108,4,'sys:levelannualvacationsetting:dall',1,NULL,NULL,25,1,'2022-02-12 21:43:36',0,NULL,1),
	 (114,'员工年假特殊设置','layui-icon-home','/employeespecialannualvacationsetting/index',NULL,107,3,'sys:employeespecialannualvacationsetting:index',1,NULL,NULL,5,1,'2022-02-12 21:43:36',1,'2022-02-12 21:48:03',1),
	 (115,'列表',NULL,'/employeespecialannualvacationsetting/list',NULL,114,4,'sys:employeespecialannualvacationsetting:list',1,NULL,NULL,1,1,'2022-02-12 21:43:36',0,NULL,1),
	 (116,'添加',NULL,'/employeespecialannualvacationsetting/add',NULL,114,4,'sys:employeespecialannualvacationsetting:add',1,NULL,NULL,5,1,'2022-02-12 21:43:36',0,NULL,1),
	 (117,'修改',NULL,'/employeespecialannualvacationsetting/update',NULL,114,4,'sys:employeespecialannualvacationsetting:update',1,NULL,NULL,10,1,'2022-02-12 21:43:36',0,NULL,1),
	 (118,'删除',NULL,'/employeespecialannualvacationsetting/delete',NULL,114,4,'sys:employeespecialannualvacationsetting:delete',1,NULL,NULL,15,1,'2022-02-12 21:43:36',0,NULL,1),
	 (119,'批量删除',NULL,'/employeespecialannualvacationsetting/batchDelete',NULL,114,4,'sys:employeespecialannualvacationsetting:dall',1,NULL,NULL,25,1,'2022-02-12 21:43:36',0,NULL,1),
	 (120,'请假类型','layui-icon-home','/dayofftype/index',NULL,107,3,'sys:dayofftype:index',1,NULL,NULL,5,1,'2022-02-12 21:43:36',1,'2022-02-12 21:48:04',1),
	 (121,'列表',NULL,'/dayofftype/list',NULL,120,4,'sys:dayofftype:list',1,NULL,NULL,1,1,'2022-02-12 21:43:36',0,NULL,1),
	 (122,'添加',NULL,'/dayofftype/add',NULL,120,4,'sys:dayofftype:add',1,NULL,NULL,5,1,'2022-02-12 21:43:36',0,NULL,1),
	 (123,'修改',NULL,'/dayofftype/update',NULL,120,4,'sys:dayofftype:update',1,NULL,NULL,10,1,'2022-02-12 21:43:36',0,NULL,1),
	 (124,'删除',NULL,'/dayofftype/delete',NULL,120,4,'sys:dayofftype:delete',1,NULL,NULL,15,1,'2022-02-12 21:43:36',0,NULL,1),
	 (125,'批量删除',NULL,'/dayofftype/batchDelete',NULL,120,4,'sys:dayofftype:dall',1,NULL,NULL,25,1,'2022-02-12 21:43:36',0,NULL,1),
	 (126,'请假记录','layui-icon-home','/askfordayofflog/index',NULL,107,3,'sys:askfordayofflog:index',1,NULL,NULL,5,1,'2022-02-12 21:43:36',1,'2022-02-12 21:48:04',1),
	 (127,'列表',NULL,'/askfordayofflog/list',NULL,126,4,'sys:askfordayofflog:list',1,NULL,NULL,1,1,'2022-02-12 21:43:36',0,NULL,1),
	 (128,'添加',NULL,'/askfordayofflog/add',NULL,126,4,'sys:askfordayofflog:add',1,NULL,NULL,5,1,'2022-02-12 21:43:36',0,NULL,1),
	 (129,'修改',NULL,'/askfordayofflog/update',NULL,126,4,'sys:askfordayofflog:update',1,NULL,NULL,10,1,'2022-02-12 21:43:36',0,NULL,1),
	 (130,'删除',NULL,'/askfordayofflog/delete',NULL,126,4,'sys:askfordayofflog:delete',1,NULL,NULL,15,1,'2022-02-12 21:43:36',0,NULL,1),
	 (131,'批量删除',NULL,'/askfordayofflog/batchDelete',NULL,126,4,'sys:askfordayofflog:dall',1,NULL,NULL,25,1,'2022-02-12 21:43:36',0,NULL,1),
	 (132,'请假统计','layui-icon-tabs','/dayoff/index','',107,3,'sys:dayoff',1,1,'',0,1,'2022-02-12 23:56:13',0,NULL,1),
	 (133,'添加','layui-icon-home','/dayoff/add','',132,4,'sys:dayoff:add',1,1,'',1,1,'2022-02-12 23:58:41',0,NULL,1),
	 (134,'列表','layui-icon-home','/dayoff/list','',132,4,'sys:dayoff:list',1,1,'',2,1,'2022-02-12 23:59:24',0,NULL,1),
	 (135,'自然年结余天数','layui-icon-home','/natureyearannualvacationbalance/index',NULL,107,3,'sys:natureyearannualvacationbalance:index',1,NULL,NULL,5,1,'2022-02-13 11:13:10',0,NULL,1),
	 (136,'列表',NULL,'/natureyearannualvacationbalance/list',NULL,135,4,'sys:natureyearannualvacationbalance:list',1,NULL,NULL,1,1,'2022-02-13 11:13:10',0,NULL,1),
	 (137,'添加',NULL,'/natureyearannualvacationbalance/add',NULL,135,4,'sys:natureyearannualvacationbalance:add',1,NULL,NULL,5,1,'2022-02-13 11:13:10',0,NULL,1),
	 (138,'修改',NULL,'/natureyearannualvacationbalance/update',NULL,135,4,'sys:natureyearannualvacationbalance:update',1,NULL,NULL,10,1,'2022-02-13 11:13:10',0,NULL,1),
	 (139,'删除',NULL,'/natureyearannualvacationbalance/delete',NULL,135,4,'sys:natureyearannualvacationbalance:delete',1,NULL,NULL,15,1,'2022-02-13 11:13:10',0,NULL,1),
	 (140,'批量删除',NULL,'/natureyearannualvacationbalance/batchDelete',NULL,135,4,'sys:natureyearannualvacationbalance:dall',1,NULL,NULL,25,1,'2022-02-13 11:13:10',0,NULL,1);

INSERT INTO SYS_ROLE (NAME,RULES,STATUS,SORT,ID,CREATE_USER,CREATE_TIME,UPDATE_USER,UPDATE_TIME,MARK) VALUES
	 ('超级管理员','',1,1,1,1,NULL,0,NULL,1),
	 ('管理员','',1,5,2,1,NULL,0,NULL,1);

INSERT INTO SYS_USER (ID,REALNAME,NICKNAME,GENDER,AVATAR,MOBILE,EMAIL,BIRTHDAY,DEPT_ID,LEVEL_ID,POSITION_ID,PROVINCE_ID,CITY_ID,DISTRICT_ID,ADDRESS,CITY_NAME,USERNAME,PASSWORD,SALT,TAGS,INTRO,STATUS,NOTE,SORT,LOGIN_NUM,LOGIN_IP,LOGIN_TIME,CREATE_USER,CREATE_TIME,UPDATE_USER,UPDATE_TIME,MARK) VALUES
	 (1,'系统默认管理员','超级管理员',1,'/images/user/20210129/20210129134048270.jpg',NULL,NULL,NULL,NULL,NULL,NULL,NULL,NULL,NULL,NULL,NULL,'admin','ddd056e3116ef3c8972a11c62a770a31',NULL,NULL,NULL,1,NULL,NULL,NULL,NULL,NULL,1,NULL,0,NULL,1);

INSERT INTO hammers_db.ums_ask_for_day_off_log (id,EMPLOYEE_ID,DAY_OFF_TYPE_ID,START_DATE,START_HALF_DAY,END_DATE,END_HALF_DAY,DAYS,NOTE,CREATE_USER,CREATE_TIME,UPDATE_USER,UPDATE_TIME,MARK) VALUES
	 (1,'180010',1,'2022-01-29 00:00:00','上午','2022-01-30 00:00:00','下午',2.0,'',1,'2022-04-25 00:32:22',0,NULL,1),
	 (2,'180010',1,'2022-02-07 00:00:00','上午','2022-02-07 00:00:00','下午',1.0,'',1,'2022-04-25 00:32:22',0,NULL,1),
	 (3,'180012',1,'2022-01-29 00:00:00','上午','2022-01-30 00:00:00','下午',2.0,'',1,'2022-04-25 00:32:22',0,NULL,1),
	 (4,'180012',1,'2022-02-07 00:00:00','上午','2022-02-07 00:00:00','下午',1.0,'',1,'2022-04-25 00:32:22',0,NULL,1),
	 (5,'180015',1,'2022-01-29 00:00:00','上午','2022-01-30 00:00:00','下午',2.0,'',1,'2022-04-25 00:32:22',0,NULL,1),
	 (6,'180015',1,'2022-01-04 00:00:00','上午','2022-01-04 00:00:00','上午',0.5,'',1,'2022-04-25 00:32:22',0,NULL,1),
	 (7,'180015',1,'2022-02-07 00:00:00','上午','2022-02-07 00:00:00','下午',1.0,'',1,'2022-04-25 00:32:22',0,NULL,1),
	 (8,'180016',1,'2022-01-28 00:00:00','上午','2022-01-30 00:00:00','下午',3.0,'',1,'2022-04-25 00:32:22',0,NULL,1),
	 (9,'180016',1,'2022-02-07 00:00:00','上午','2022-02-11 00:00:00','下午',5.0,'',1,'2022-04-25 00:32:22',0,NULL,1),
	 (10,'180020',1,'2022-01-29 00:00:00','上午','2022-01-30 00:00:00','下午',2.0,'',1,'2022-04-25 00:32:22',0,NULL,1),
	 (11,'180020',1,'2022-02-07 00:00:00','上午','2022-02-11 00:00:00','下午',5.0,'',1,'2022-04-25 00:32:22',0,NULL,1),
	 (12,'180027',1,'2022-01-28 00:00:00','上午','2022-01-30 00:00:00','下午',3.0,'',1,'2022-04-25 00:32:22',0,NULL,1),
	 (13,'180027',1,'2022-02-07 00:00:00','上午','2022-02-08 00:00:00','下午',2.0,'',1,'2022-04-25 00:32:22',0,NULL,1),
	 (14,'180027',1,'2022-01-04 00:00:00','上午','2022-01-04 00:00:00','下午',1.0,'',1,'2022-04-25 00:32:22',0,NULL,1),
	 (15,'180027',1,'2022-01-08 00:00:00','上午','2022-01-08 00:00:00','下午',1.0,'',1,'2022-04-25 00:32:22',0,NULL,1),
	 (16,'180027',1,'2022-01-10 00:00:00','上午','2022-01-10 00:00:00','下午',1.0,'',1,'2022-04-25 00:32:22',0,NULL,1),
	 (17,'180028',1,'2022-01-14 00:00:00','上午','2022-01-14 00:00:00','上午',0.5,'',1,'2022-04-25 00:32:22',0,NULL,1),
	 (18,'180028',1,'2022-01-29 00:00:00','上午','2022-01-30 00:00:00','下午',2.0,'',1,'2022-04-25 00:32:22',0,NULL,1),
	 (19,'180028',1,'2022-02-07 00:00:00','上午','2022-02-07 00:00:00','下午',1.0,'',1,'2022-04-25 00:32:22',0,NULL,1),
	 (20,'180111',1,'2022-01-26 00:00:00','上午','2022-01-30 00:00:00','下午',5.0,'',1,'2022-04-25 00:32:22',0,NULL,1),
	 (21,'180028',1,'2022-02-10 00:00:00','上午','2022-02-10 00:00:00','下午',1.0,'',1,'2022-04-25 00:32:22',0,NULL,1),
	 (22,'180111',1,'2022-02-07 00:00:00','上午','2022-02-08 00:00:00','下午',2.0,'',1,'2022-04-25 00:32:22',0,NULL,1),
	 (23,'180032',1,'2022-01-04 00:00:00','上午','2022-01-04 00:00:00','下午',1.0,'',1,'2022-04-25 00:32:22',0,NULL,1),
	 (24,'180032',1,'2022-01-29 00:00:00','上午','2022-01-30 00:00:00','下午',2.0,'',1,'2022-04-25 00:32:22',0,NULL,1),
	 (25,'180032',1,'2022-02-07 00:00:00','上午','2022-02-08 00:00:00','下午',2.0,'',1,'2022-04-25 00:32:22',0,NULL,1),
	 (26,'180178',1,'2022-02-07 00:00:00','上午','2022-02-11 00:00:00','下午',5.0,'',1,'2022-04-25 00:32:22',0,NULL,1),
	 (27,'180051',1,'2022-01-29 00:00:00','上午','2022-01-30 00:00:00','下午',2.0,'',1,'2022-04-25 00:32:22',0,NULL,1),
	 (28,'180051',1,'2022-02-07 00:00:00','上午','2022-02-07 00:00:00','下午',1.0,'',1,'2022-04-25 00:32:22',0,NULL,1),
	 (29,'180087',1,'2022-01-14 00:00:00','上午','2022-01-14 00:00:00','上午',0.5,'',1,'2022-04-25 00:32:22',0,NULL,1),
	 (30,'180093',1,'2022-01-29 00:00:00','上午','2022-01-30 00:00:00','下午',2.0,'',1,'2022-04-25 00:32:22',0,NULL,1),
	 (31,'180051',1,'2022-02-21 00:00:00','上午','2022-02-21 00:00:00','下午',1.0,'',1,'2022-04-25 00:32:22',0,NULL,1),
	 (32,'180093',1,'2022-02-07 00:00:00','上午','2022-02-07 00:00:00','下午',1.0,'',1,'2022-04-25 00:32:22',0,NULL,1),
	 (33,'180139',1,'2022-01-29 00:00:00','上午','2022-01-30 00:00:00','下午',2.0,'',1,'2022-04-25 00:32:22',0,NULL,1),
	 (34,'180139',1,'2022-02-07 00:00:00','上午','2022-02-08 00:00:00','下午',2.0,'',1,'2022-04-25 00:32:22',0,NULL,1),
	 (35,'180138',1,'2022-01-26 00:00:00','上午','2022-01-30 00:00:00','下午',5.0,'',1,'2022-04-25 00:32:22',0,NULL,1),
	 (36,'180156',1,'2022-01-29 00:00:00','上午','2022-01-30 00:00:00','下午',2.0,'',1,'2022-04-25 00:32:22',0,NULL,1),
	 (37,'180139',1,'2022-02-14 00:00:00','上午','2022-02-18 00:00:00','下午',5.0,'',1,'2022-04-25 00:32:22',0,NULL,1),
	 (38,'180139',1,'2022-02-21 00:00:00','上午','2022-02-25 00:00:00','下午',5.0,'',1,'2022-04-25 00:32:22',0,NULL,1),
	 (39,'180156',1,'2022-02-07 00:00:00','上午','2022-02-11 00:00:00','下午',5.0,'',1,'2022-04-25 00:32:22',0,NULL,1),
	 (40,'180165',1,'2022-01-17 00:00:00','上午','2022-01-17 00:00:00','下午',1.0,'',1,'2022-04-25 00:32:22',0,NULL,1),
	 (41,'180165',1,'2022-01-28 00:00:00','上午','2022-01-30 00:00:00','下午',3.0,'',1,'2022-04-25 00:32:22',0,NULL,1),
	 (42,'180156',1,'2022-02-14 00:00:00','上午','2022-02-16 00:00:00','下午',3.0,'',1,'2022-04-25 00:32:22',0,NULL,1),
	 (43,'180165',1,'2022-02-07 00:00:00','上午','2022-02-09 00:00:00','下午',3.0,'',1,'2022-04-25 00:32:22',0,NULL,1),
	 (44,'180169',1,'2022-01-29 00:00:00','上午','2022-01-30 00:00:00','下午',2.0,'',1,'2022-04-25 00:32:22',0,NULL,1),
	 (45,'180169',1,'2022-02-07 00:00:00','上午','2022-02-07 00:00:00','下午',1.0,'',1,'2022-04-25 00:32:22',0,NULL,1),
	 (46,'180175',1,'2022-01-10 00:00:00','上午','2022-01-10 00:00:00','下午',1.0,'',1,'2022-04-25 00:32:22',0,NULL,1),
	 (47,'180175',1,'2022-01-29 00:00:00','上午','2022-01-30 00:00:00','下午',2.0,'',1,'2022-04-25 00:32:22',0,NULL,1),
	 (48,'180175',1,'2022-02-07 00:00:00','上午','2022-02-07 00:00:00','下午',1.0,'',1,'2022-04-25 00:32:22',0,NULL,1),
	 (49,'180216',1,'2022-01-29 00:00:00','上午','2022-01-30 00:00:00','下午',2.0,'',1,'2022-04-25 00:32:22',0,NULL,1),
	 (50,'180175',1,'2022-02-14 00:00:00','上午','2022-02-14 00:00:00','下午',1.0,'',1,'2022-04-25 00:32:22',0,NULL,1),
	 (51,'180216',1,'2022-02-07 00:00:00','上午','2022-02-07 00:00:00','下午',1.0,'',1,'2022-04-25 00:32:22',0,NULL,1),
	 (52,'180216',3,'2022-01-26 00:00:00','上午','2022-01-26 00:00:00','上午',0.5,'',1,'2022-04-25 00:32:22',0,NULL,1),
	 (53,'180267',1,'2022-01-29 00:00:00','上午','2022-01-30 00:00:00','下午',2.0,'',1,'2022-04-25 00:32:22',0,NULL,1),
	 (54,'180267',1,'2022-02-07 00:00:00','上午','2022-02-07 00:00:00','下午',1.0,'',1,'2022-04-25 00:32:22',0,NULL,1),
	 (55,'180269',1,'2022-01-04 00:00:00','上午','2022-01-04 00:00:00','下午',1.0,'',1,'2022-04-25 00:32:22',0,NULL,1),
	 (56,'180269',1,'2022-01-28 00:00:00','上午','2022-01-30 00:00:00','下午',3.0,'',1,'2022-04-25 00:32:22',0,NULL,1),
	 (57,'180269',1,'2022-02-07 00:00:00','上午','2022-02-07 00:00:00','下午',1.0,'',1,'2022-04-25 00:32:22',0,NULL,1),
	 (58,'180275',1,'2022-01-28 00:00:00','上午','2022-01-28 00:00:00','上午',0.5,'',1,'2022-04-25 00:32:22',0,NULL,1),
	 (59,'180275',1,'2022-01-29 00:00:00','上午','2022-01-30 00:00:00','下午',2.0,'',1,'2022-04-25 00:32:22',0,NULL,1),
	 (60,'180269',3,'2022-02-14 00:00:00','上午','2022-02-14 00:00:00','下午',1.0,'',1,'2022-04-25 00:32:22',0,NULL,1),
	 (61,'180275',1,'2022-02-07 00:00:00','上午','2022-02-08 00:00:00','下午',2.0,'',1,'2022-04-25 00:32:22',0,NULL,1),
	 (62,'180285',1,'2022-01-10 00:00:00','上午','2022-01-10 00:00:00','下午',1.0,'',1,'2022-04-25 00:32:22',0,NULL,1),
	 (63,'180285',5,'2022-01-11 00:00:00','上午','2022-01-25 00:00:00','下午',15.0,'',1,'2022-04-25 00:32:22',0,NULL,1),
	 (64,'180287',1,'2022-01-29 00:00:00','上午','2022-01-30 00:00:00','下午',2.0,'',1,'2022-04-25 00:32:22',0,NULL,1),
	 (65,'180275',1,'2022-02-21 00:00:00','上午','2022-02-21 00:00:00','下午',1.0,'',1,'2022-04-25 00:32:22',0,NULL,1),
	 (66,'180287',1,'2022-02-07 00:00:00','上午','2022-02-08 00:00:00','下午',2.0,'',1,'2022-04-25 00:32:22',0,NULL,1),
	 (67,'180310',1,'2022-01-29 00:00:00','上午','2022-01-30 00:00:00','下午',2.0,'',1,'2022-04-25 00:32:22',0,NULL,1),
	 (68,'180310',1,'2022-02-07 00:00:00','上午','2022-02-07 00:00:00','下午',1.0,'',1,'2022-04-25 00:32:22',0,NULL,1),
	 (69,'180345',1,'2022-01-29 00:00:00','上午','2022-01-30 00:00:00','下午',2.0,'',1,'2022-04-25 00:32:23',0,NULL,1),
	 (70,'180345',1,'2022-02-07 00:00:00','上午','2022-02-08 00:00:00','下午',2.0,'',1,'2022-04-25 00:32:23',0,NULL,1),
	 (71,'180345',1,'2022-02-11 00:00:00','上午','2022-02-11 00:00:00','下午',1.0,'',1,'2022-04-25 00:32:23',0,NULL,1),
	 (72,'180348',1,'2022-01-29 00:00:00','上午','2022-01-30 00:00:00','下午',2.0,'',1,'2022-04-25 00:32:23',0,NULL,1),
	 (73,'180348',1,'2022-02-07 00:00:00','上午','2022-02-08 00:00:00','下午',2.0,'',1,'2022-04-25 00:32:23',0,NULL,1),
	 (74,'180351',1,'2022-01-29 00:00:00','上午','2022-01-30 00:00:00','下午',2.0,'',1,'2022-04-25 00:32:23',0,NULL,1),
	 (75,'180351',1,'2022-02-07 00:00:00','上午','2022-02-08 00:00:00','下午',2.0,'',1,'2022-04-25 00:32:23',0,NULL,1),
	 (76,'180351',1,'2022-02-09 00:00:00','上午','2022-02-09 00:00:00','上午',0.5,'',1,'2022-04-25 00:32:23',0,NULL,1),
	 (77,'180111',1,'2022-03-05 00:00:00','上午','2022-03-06 00:00:00','上午',1.5,'',1,'2022-04-25 00:32:23',0,NULL,1),
	 (78,'180426',1,'2022-02-07 00:00:00','上午','2022-02-10 00:00:00','上午',3.5,'',1,'2022-04-25 00:32:23',0,NULL,1),
	 (79,'180447',1,'2022-02-07 00:00:00','上午','2022-02-07 00:00:00','上午',0.5,'',1,'2022-04-25 00:32:23',0,NULL,1),
	 (80,'180448',3,'2022-02-22 00:00:00','上午','2022-02-22 00:00:00','上午',0.5,'',1,'2022-04-25 00:32:23',0,NULL,1),
	 (81,'180468',1,'2022-01-13 00:00:00','上午','2022-01-13 00:00:00','上午',0.5,'',1,'2022-04-25 00:32:23',0,NULL,1),
	 (82,'180509',1,'2022-01-18 00:00:00','上午','2022-01-18 00:00:00','上午',0.5,'',1,'2022-04-25 00:32:23',0,NULL,1),
	 (83,'180533',1,'2022-01-27 00:00:00','上午','2022-01-27 00:00:00','上午',0.5,'',1,'2022-04-25 00:32:23',0,NULL,1),
	 (84,'180580',3,'2022-01-19 00:00:00','上午','2022-01-19 00:00:00','上午',0.5,'',1,'2022-04-25 00:32:23',0,NULL,1),
	 (85,'180357',1,'2022-01-28 00:00:00','上午','2022-01-30 00:00:00','下午',3.0,'',1,'2022-04-25 00:32:23',0,NULL,1),
	 (86,'180357',1,'2022-02-28 00:00:00','上午','2022-02-28 00:00:00','下午',1.0,'',1,'2022-04-25 00:32:23',0,NULL,1),
	 (87,'180363',1,'2022-01-29 00:00:00','上午','2022-01-30 00:00:00','下午',2.0,'',1,'2022-04-25 00:32:23',0,NULL,1),
	 (88,'180363',1,'2022-02-07 00:00:00','上午','2022-02-11 00:00:00','下午',5.0,'',1,'2022-04-25 00:32:23',0,NULL,1),
	 (89,'180368',1,'2022-01-28 00:00:00','上午','2022-01-30 00:00:00','下午',3.0,'',1,'2022-04-25 00:32:23',0,NULL,1),
	 (90,'180368',1,'2022-02-07 00:00:00','上午','2022-02-08 00:00:00','下午',2.0,'',1,'2022-04-25 00:32:23',0,NULL,1),
	 (91,'180373',1,'2022-01-29 00:00:00','上午','2022-01-30 00:00:00','下午',2.0,'',1,'2022-04-25 00:32:23',0,NULL,1),
	 (92,'180373',1,'2022-02-07 00:00:00','上午','2022-02-07 00:00:00','下午',1.0,'',1,'2022-04-25 00:32:23',0,NULL,1),
	 (93,'180388',1,'2022-01-29 00:00:00','上午','2022-01-30 00:00:00','下午',2.0,'',1,'2022-04-25 00:32:23',0,NULL,1),
	 (94,'180388',1,'2022-02-07 00:00:00','上午','2022-02-07 00:00:00','下午',1.0,'',1,'2022-04-25 00:32:23',0,NULL,1),
	 (95,'180389',1,'2022-01-29 00:00:00','上午','2022-01-30 00:00:00','下午',2.0,'',1,'2022-04-25 00:32:23',0,NULL,1),
	 (96,'180389',1,'2022-02-07 00:00:00','上午','2022-02-07 00:00:00','下午',1.0,'',1,'2022-04-25 00:32:23',0,NULL,1),
	 (97,'180392',1,'2022-01-28 00:00:00','上午','2022-01-30 00:00:00','下午',3.0,'',1,'2022-04-25 00:32:23',0,NULL,1),
	 (98,'180392',1,'2022-02-07 00:00:00','上午','2022-02-08 00:00:00','下午',2.0,'',1,'2022-04-25 00:32:23',0,NULL,1),
	 (99,'180393',1,'2022-01-29 00:00:00','上午','2022-01-30 00:00:00','下午',2.0,'',1,'2022-04-25 00:32:23',0,NULL,1),
	 (100,'180393',1,'2022-02-07 00:00:00','上午','2022-02-07 00:00:00','下午',1.0,'',1,'2022-04-25 00:32:23',0,NULL,1);
INSERT INTO hammers_db.ums_ask_for_day_off_log (id,EMPLOYEE_ID,DAY_OFF_TYPE_ID,START_DATE,START_HALF_DAY,END_DATE,END_HALF_DAY,DAYS,NOTE,CREATE_USER,CREATE_TIME,UPDATE_USER,UPDATE_TIME,MARK) VALUES
	 (101,'180397',1,'2022-01-29 00:00:00','上午','2022-01-30 00:00:00','下午',2.0,'',1,'2022-04-25 00:32:23',0,NULL,1),
	 (102,'180397',1,'2022-02-07 00:00:00','上午','2022-02-07 00:00:00','下午',1.0,'',1,'2022-04-25 00:32:23',0,NULL,1),
	 (103,'180401',1,'2022-01-26 00:00:00','上午','2022-01-30 00:00:00','下午',5.0,'',1,'2022-04-25 00:32:23',0,NULL,1),
	 (104,'180410',1,'2022-01-29 00:00:00','上午','2022-01-30 00:00:00','下午',2.0,'',1,'2022-04-25 00:32:23',0,NULL,1),
	 (105,'180410',1,'2022-02-07 00:00:00','上午','2022-02-07 00:00:00','下午',1.0,'',1,'2022-04-25 00:32:23',0,NULL,1),
	 (106,'180418',1,'2022-01-29 00:00:00','上午','2022-01-30 00:00:00','下午',2.0,'',1,'2022-04-25 00:32:23',0,NULL,1),
	 (107,'180418',1,'2022-02-07 00:00:00','上午','2022-02-07 00:00:00','下午',1.0,'',1,'2022-04-25 00:32:23',0,NULL,1),
	 (108,'180421',1,'2022-01-27 00:00:00','上午','2022-01-30 00:00:00','下午',4.0,'',1,'2022-04-25 00:32:23',0,NULL,1),
	 (109,'180421',1,'2022-02-07 00:00:00','上午','2022-02-08 00:00:00','下午',2.0,'',1,'2022-04-25 00:32:23',0,NULL,1),
	 (110,'180421',2,'2022-02-09 00:00:00','上午','2022-02-11 00:00:00','下午',3.0,'',1,'2022-04-25 00:32:23',0,NULL,1),
	 (111,'180421',2,'2022-02-21 00:00:00','上午','2022-02-25 00:00:00','下午',5.0,'',1,'2022-04-25 00:32:23',0,NULL,1),
	 (112,'180022',1,'2022-01-29 00:00:00','上午','2022-01-30 00:00:00','下午',2.0,'',1,'2022-04-25 00:32:23',0,NULL,1),
	 (113,'180022',1,'2022-02-07 00:00:00','上午','2022-02-07 00:00:00','下午',1.0,'',1,'2022-04-25 00:32:23',0,NULL,1),
	 (114,'180423',1,'2022-01-29 00:00:00','上午','2022-01-30 00:00:00','下午',2.0,'',1,'2022-04-25 00:32:23',0,NULL,1),
	 (115,'180423',1,'2022-02-07 00:00:00','上午','2022-02-07 00:00:00','下午',1.0,'',1,'2022-04-25 00:32:23',0,NULL,1),
	 (116,'180426',1,'2022-01-28 00:00:00','上午','2022-01-30 00:00:00','下午',3.0,'',1,'2022-04-25 00:32:23',0,NULL,1),
	 (117,'180430',1,'2022-01-29 00:00:00','上午','2022-01-30 00:00:00','下午',2.0,'',1,'2022-04-25 00:32:23',0,NULL,1),
	 (118,'180430',1,'2022-02-07 00:00:00','上午','2022-02-07 00:00:00','下午',1.0,'',1,'2022-04-25 00:32:23',0,NULL,1),
	 (119,'180431',1,'2022-02-08 00:00:00','上午','2022-02-10 00:00:00','下午',3.0,'',1,'2022-04-25 00:32:23',0,NULL,1),
	 (120,'180436',1,'2022-02-07 00:00:00','上午','2022-02-08 00:00:00','下午',2.0,'',1,'2022-04-25 00:32:23',0,NULL,1),
	 (121,'180437',1,'2022-01-29 00:00:00','上午','2022-01-30 00:00:00','下午',2.0,'',1,'2022-04-25 00:32:23',0,NULL,1),
	 (122,'180437',1,'2022-02-07 00:00:00','上午','2022-02-07 00:00:00','下午',1.0,'',1,'2022-04-25 00:32:23',0,NULL,1),
	 (123,'180438',1,'2022-01-29 00:00:00','上午','2022-01-30 00:00:00','下午',2.0,'',1,'2022-04-25 00:32:23',0,NULL,1),
	 (124,'180438',1,'2022-02-07 00:00:00','上午','2022-02-07 00:00:00','下午',1.0,'',1,'2022-04-25 00:32:23',0,NULL,1),
	 (125,'180440',1,'2022-01-27 00:00:00','上午','2022-01-30 00:00:00','下午',4.0,'',1,'2022-04-25 00:32:23',0,NULL,1),
	 (126,'180443',1,'2022-01-29 00:00:00','上午','2022-01-30 00:00:00','下午',2.0,'',1,'2022-04-25 00:32:23',0,NULL,1),
	 (127,'180447',1,'2022-01-29 00:00:00','上午','2022-01-30 00:00:00','下午',2.0,'',1,'2022-04-25 00:32:23',0,NULL,1),
	 (128,'180448',1,'2022-01-29 00:00:00','上午','2022-01-30 00:00:00','下午',2.0,'',1,'2022-04-25 00:32:23',0,NULL,1),
	 (129,'180448',1,'2022-02-07 00:00:00','上午','2022-02-09 00:00:00','下午',3.0,'',1,'2022-04-25 00:32:23',0,NULL,1),
	 (130,'180448',2,'2022-02-10 00:00:00','上午','2022-02-11 00:00:00','下午',2.0,'',1,'2022-04-25 00:32:23',0,NULL,1),
	 (131,'180448',2,'2022-02-14 00:00:00','上午','2022-02-18 00:00:00','下午',5.0,'',1,'2022-04-25 00:32:23',0,NULL,1),
	 (132,'180449',1,'2022-02-14 00:00:00','上午','2022-02-18 00:00:00','下午',5.0,'',1,'2022-04-25 00:32:23',0,NULL,1),
	 (133,'180456',1,'2022-01-29 00:00:00','上午','2022-01-30 00:00:00','下午',2.0,'',1,'2022-04-25 00:32:23',0,NULL,1),
	 (134,'180456',1,'2022-02-07 00:00:00','上午','2022-02-09 00:00:00','下午',3.0,'',1,'2022-04-25 00:32:23',0,NULL,1),
	 (135,'180460',1,'2022-02-07 00:00:00','上午','2022-02-07 00:00:00','下午',1.0,'',1,'2022-04-25 00:32:23',0,NULL,1),
	 (136,'180461',1,'2022-02-07 00:00:00','上午','2022-02-11 00:00:00','下午',5.0,'',1,'2022-04-25 00:32:23',0,NULL,1),
	 (137,'180462',1,'2022-01-29 00:00:00','上午','2022-01-30 00:00:00','下午',2.0,'',1,'2022-04-25 00:32:23',0,NULL,1),
	 (138,'180462',1,'2022-02-07 00:00:00','上午','2022-02-07 00:00:00','下午',1.0,'',1,'2022-04-25 00:32:23',0,NULL,1),
	 (139,'180463',1,'2022-01-27 00:00:00','上午','2022-01-30 00:00:00','下午',4.0,'',1,'2022-04-25 00:32:23',0,NULL,1),
	 (140,'180463',3,'2022-02-21 00:00:00','上午','2022-02-21 00:00:00','下午',1.0,'',1,'2022-04-25 00:32:23',0,NULL,1),
	 (141,'180465',1,'2022-01-29 00:00:00','上午','2022-01-30 00:00:00','下午',2.0,'',1,'2022-04-25 00:32:23',0,NULL,1),
	 (142,'180465',1,'2022-02-07 00:00:00','上午','2022-02-07 00:00:00','下午',1.0,'',1,'2022-04-25 00:32:23',0,NULL,1),
	 (143,'180466',1,'2022-01-27 00:00:00','上午','2022-01-30 00:00:00','下午',4.0,'',1,'2022-04-25 00:32:23',0,NULL,1),
	 (144,'180466',1,'2022-02-07 00:00:00','上午','2022-02-07 00:00:00','下午',1.0,'',1,'2022-04-25 00:32:23',0,NULL,1),
	 (145,'180466',3,'2022-02-28 00:00:00','上午','2022-02-28 00:00:00','下午',1.0,'',1,'2022-04-25 00:32:23',0,NULL,1),
	 (146,'180468',1,'2022-01-27 00:00:00','上午','2022-01-30 00:00:00','下午',4.0,'',1,'2022-04-25 00:32:23',0,NULL,1),
	 (147,'180468',1,'2022-02-07 00:00:00','上午','2022-02-07 00:00:00','上午',0.5,'年假已不足，只能使用：0.5天。',1,'2022-04-25 00:32:23',0,NULL,1),
	 (148,'180468',2,'2022-02-07 00:00:00','下午','2022-02-08 00:00:00','下午',1.5,'年假已不足，自动将请假转为事假。',1,'2022-04-25 00:32:23',0,NULL,1),
	 (149,'180500',1,'2022-01-29 00:00:00','上午','2022-01-30 00:00:00','下午',2.0,'',1,'2022-04-25 00:32:23',0,NULL,1),
	 (150,'180500',1,'2022-02-07 00:00:00','上午','2022-02-09 00:00:00','下午',3.0,'',1,'2022-04-25 00:32:23',0,NULL,1),
	 (151,'180408',1,'2022-01-29 00:00:00','上午','2022-01-30 00:00:00','下午',2.0,'',1,'2022-04-25 00:32:23',0,NULL,1),
	 (152,'180408',1,'2022-02-07 00:00:00','上午','2022-02-07 00:00:00','下午',1.0,'',1,'2022-04-25 00:32:23',0,NULL,1),
	 (153,'180502',1,'2022-01-29 00:00:00','上午','2022-01-30 00:00:00','下午',2.0,'',1,'2022-04-25 00:32:23',0,NULL,1),
	 (154,'180502',1,'2022-02-07 00:00:00','上午','2022-02-09 00:00:00','下午',3.0,'',1,'2022-04-25 00:32:23',0,NULL,1),
	 (155,'180506',1,'2022-01-28 00:00:00','上午','2022-01-30 00:00:00','下午',3.0,'',1,'2022-04-25 00:32:23',0,NULL,1),
	 (156,'180506',1,'2022-02-07 00:00:00','上午','2022-02-07 00:00:00','下午',1.0,'',1,'2022-04-25 00:32:23',0,NULL,1),
	 (157,'180507',1,'2022-02-07 00:00:00','上午','2022-02-11 00:00:00','下午',5.0,'',1,'2022-04-25 00:32:23',0,NULL,1),
	 (158,'180507',1,'2022-02-14 00:00:00','上午','2022-02-15 00:00:00','下午',2.0,'年假已不足，只能使用：2.0天。',1,'2022-04-25 00:32:23',0,NULL,1),
	 (159,'180507',2,'2022-02-16 00:00:00','上午','2022-02-18 00:00:00','下午',3.0,'年假已不足，自动将请假转为事假。',1,'2022-04-25 00:32:23',0,NULL,1),
	 (160,'180509',1,'2022-01-29 00:00:00','上午','2022-01-30 00:00:00','下午',2.0,'',1,'2022-04-25 00:32:23',0,NULL,1),
	 (161,'180509',1,'2022-02-07 00:00:00','上午','2022-02-07 00:00:00','下午',1.0,'',1,'2022-04-25 00:32:23',0,NULL,1),
	 (162,'180520',1,'2022-01-29 00:00:00','上午','2022-01-30 00:00:00','下午',2.0,'',1,'2022-04-25 00:32:23',0,NULL,1),
	 (163,'180520',1,'2022-02-07 00:00:00','上午','2022-02-07 00:00:00','下午',1.0,'',1,'2022-04-25 00:32:23',0,NULL,1),
	 (164,'180520',2,'2022-02-09 00:00:00','上午','2022-02-09 00:00:00','下午',1.0,'',1,'2022-04-25 00:32:23',0,NULL,1),
	 (165,'180521',1,'2022-01-29 00:00:00','上午','2022-01-30 00:00:00','下午',2.0,'',1,'2022-04-25 00:32:23',0,NULL,1),
	 (166,'180521',1,'2022-02-07 00:00:00','上午','2022-02-07 00:00:00','下午',1.0,'',1,'2022-04-25 00:32:23',0,NULL,1),
	 (167,'180522',1,'2022-01-29 00:00:00','上午','2022-01-30 00:00:00','下午',2.0,'',1,'2022-04-25 00:32:23',0,NULL,1),
	 (168,'180522',1,'2022-02-07 00:00:00','上午','2022-02-07 00:00:00','下午',1.0,'',1,'2022-04-25 00:32:23',0,NULL,1),
	 (169,'180522',3,'2022-01-17 00:00:00','上午','2022-01-17 00:00:00','下午',1.0,'',1,'2022-04-25 00:32:23',0,NULL,1),
	 (170,'180523',1,'2022-01-29 00:00:00','上午','2022-01-30 00:00:00','下午',2.0,'',1,'2022-04-25 00:32:23',0,NULL,1),
	 (171,'180523',1,'2022-02-07 00:00:00','上午','2022-02-07 00:00:00','下午',1.0,'',1,'2022-04-25 00:32:23',0,NULL,1),
	 (172,'180525',1,'2022-01-29 00:00:00','上午','2022-01-30 00:00:00','下午',2.0,'',1,'2022-04-25 00:32:23',0,NULL,1),
	 (173,'180525',1,'2022-02-07 00:00:00','上午','2022-02-07 00:00:00','下午',1.0,'',1,'2022-04-25 00:32:23',0,NULL,1),
	 (174,'180526',1,'2022-02-07 00:00:00','上午','2022-02-07 00:00:00','下午',1.0,'',1,'2022-04-25 00:32:23',0,NULL,1),
	 (175,'180530',1,'2022-01-29 00:00:00','上午','2022-01-30 00:00:00','下午',2.0,'',1,'2022-04-25 00:32:23',0,NULL,1),
	 (176,'180530',1,'2022-02-07 00:00:00','上午','2022-02-07 00:00:00','下午',1.0,'',1,'2022-04-25 00:32:23',0,NULL,1),
	 (177,'180531',1,'2022-01-29 00:00:00','上午','2022-01-30 00:00:00','下午',2.0,'',1,'2022-04-25 00:32:23',0,NULL,1),
	 (178,'180531',1,'2022-02-07 00:00:00','上午','2022-02-07 00:00:00','下午',1.0,'',1,'2022-04-25 00:32:23',0,NULL,1),
	 (179,'180531',3,'2022-02-08 00:00:00','上午','2022-02-08 00:00:00','下午',1.0,'',1,'2022-04-25 00:32:23',0,NULL,1),
	 (180,'180532',1,'2022-01-29 00:00:00','上午','2022-01-30 00:00:00','下午',2.0,'',1,'2022-04-25 00:32:23',0,NULL,1),
	 (181,'180532',1,'2022-02-07 00:00:00','上午','2022-02-07 00:00:00','下午',1.0,'',1,'2022-04-25 00:32:23',0,NULL,1),
	 (182,'180533',1,'2022-01-29 00:00:00','上午','2022-01-30 00:00:00','下午',2.0,'',1,'2022-04-25 00:32:23',0,NULL,1),
	 (183,'180533',1,'2022-02-07 00:00:00','上午','2022-02-07 00:00:00','下午',1.0,'',1,'2022-04-25 00:32:23',0,NULL,1),
	 (184,'180533',1,'2022-02-14 00:00:00','上午','2022-02-14 00:00:00','下午',1.0,'',1,'2022-04-25 00:32:24',0,NULL,1),
	 (185,'180535',1,'2022-02-07 00:00:00','上午','2022-02-08 00:00:00','下午',2.0,'',1,'2022-04-25 00:32:24',0,NULL,1),
	 (186,'180537',1,'2022-01-29 00:00:00','上午','2022-01-30 00:00:00','下午',2.0,'',1,'2022-04-25 00:32:24',0,NULL,1),
	 (187,'180537',1,'2022-02-07 00:00:00','上午','2022-02-07 00:00:00','下午',1.0,'',1,'2022-04-25 00:32:24',0,NULL,1),
	 (188,'180539',1,'2022-01-29 00:00:00','上午','2022-01-30 00:00:00','下午',2.0,'',1,'2022-04-25 00:32:24',0,NULL,1),
	 (189,'180539',1,'2022-02-07 00:00:00','上午','2022-02-07 00:00:00','下午',1.0,'',1,'2022-04-25 00:32:24',0,NULL,1),
	 (190,'180557',1,'2022-01-29 00:00:00','上午','2022-01-30 00:00:00','下午',2.0,'',1,'2022-04-25 00:32:24',0,NULL,1),
	 (191,'180557',1,'2022-02-07 00:00:00','上午','2022-02-07 00:00:00','下午',1.0,'',1,'2022-04-25 00:32:24',0,NULL,1),
	 (192,'180558',1,'2022-01-29 00:00:00','上午','2022-01-30 00:00:00','下午',2.0,'',1,'2022-04-25 00:32:24',0,NULL,1),
	 (193,'180558',1,'2022-02-07 00:00:00','上午','2022-02-07 00:00:00','下午',1.0,'',1,'2022-04-25 00:32:24',0,NULL,1),
	 (194,'180561',1,'2022-01-29 00:00:00','上午','2022-01-30 00:00:00','下午',2.0,'',1,'2022-04-25 00:32:24',0,NULL,1),
	 (195,'180561',1,'2022-02-07 00:00:00','上午','2022-02-07 00:00:00','下午',1.0,'',1,'2022-04-25 00:32:24',0,NULL,1),
	 (196,'180562',1,'2022-02-07 00:00:00','上午','2022-02-09 00:00:00','下午',3.0,'',1,'2022-04-25 00:32:24',0,NULL,1),
	 (197,'180563',1,'2022-01-29 00:00:00','上午','2022-01-30 00:00:00','下午',2.0,'',1,'2022-04-25 00:32:24',0,NULL,1),
	 (198,'180563',1,'2022-02-07 00:00:00','上午','2022-02-07 00:00:00','下午',1.0,'',1,'2022-04-25 00:32:24',0,NULL,1),
	 (199,'180566',1,'2022-01-29 00:00:00','上午','2022-01-30 00:00:00','下午',2.0,'',1,'2022-04-25 00:32:24',0,NULL,1),
	 (200,'180566',1,'2022-02-07 00:00:00','上午','2022-02-07 00:00:00','下午',1.0,'',1,'2022-04-25 00:32:24',0,NULL,1);
INSERT INTO hammers_db.ums_ask_for_day_off_log (id,EMPLOYEE_ID,DAY_OFF_TYPE_ID,START_DATE,START_HALF_DAY,END_DATE,END_HALF_DAY,DAYS,NOTE,CREATE_USER,CREATE_TIME,UPDATE_USER,UPDATE_TIME,MARK) VALUES
	 (201,'180567',1,'2022-01-29 00:00:00','上午','2022-01-30 00:00:00','下午',2.0,'',1,'2022-04-25 00:32:24',0,NULL,1),
	 (202,'180567',1,'2022-02-07 00:00:00','上午','2022-02-07 00:00:00','下午',1.0,'',1,'2022-04-25 00:32:24',0,NULL,1),
	 (203,'180568',1,'2022-01-26 00:00:00','上午','2022-01-30 00:00:00','下午',5.0,'',1,'2022-04-25 00:32:24',0,NULL,1),
	 (204,'180571',1,'2022-01-29 00:00:00','上午','2022-01-30 00:00:00','下午',2.0,'',1,'2022-04-25 00:32:24',0,NULL,1),
	 (205,'180571',1,'2022-02-07 00:00:00','上午','2022-02-07 00:00:00','下午',1.0,'',1,'2022-04-25 00:32:24',0,NULL,1),
	 (206,'180572',1,'2022-01-29 00:00:00','上午','2022-01-30 00:00:00','下午',2.0,'',1,'2022-04-25 00:32:24',0,NULL,1),
	 (207,'180572',1,'2022-02-07 00:00:00','上午','2022-02-07 00:00:00','下午',1.0,'',1,'2022-04-25 00:32:24',0,NULL,1),
	 (208,'180573',1,'2022-01-29 00:00:00','上午','2022-01-30 00:00:00','下午',2.0,'',1,'2022-04-25 00:32:24',0,NULL,1),
	 (209,'180573',1,'2022-02-07 00:00:00','上午','2022-02-07 00:00:00','下午',1.0,'',1,'2022-04-25 00:32:24',0,NULL,1),
	 (210,'180576',2,'2022-01-11 00:00:00','上午','2022-01-11 00:00:00','下午',1.0,'',1,'2022-04-25 00:32:24',0,NULL,1),
	 (211,'180579',1,'2022-01-29 00:00:00','上午','2022-01-30 00:00:00','下午',2.0,'',1,'2022-04-25 00:32:24',0,NULL,1),
	 (212,'180579',1,'2022-02-07 00:00:00','上午','2022-02-07 00:00:00','下午',1.0,'',1,'2022-04-25 00:32:24',0,NULL,1),
	 (213,'180580',2,'2022-02-28 00:00:00','上午','2022-02-28 00:00:00','下午',1.0,'',1,'2022-04-25 00:32:24',0,NULL,1),
	 (214,'180581',1,'2022-01-28 00:00:00','上午','2022-01-30 00:00:00','下午',3.0,'',1,'2022-04-25 00:32:24',0,NULL,1),
	 (215,'180582',1,'2022-01-29 00:00:00','上午','2022-01-30 00:00:00','下午',2.0,'',1,'2022-04-25 00:32:24',0,NULL,1),
	 (216,'180582',1,'2022-02-07 00:00:00','上午','2022-02-07 00:00:00','下午',1.0,'',1,'2022-04-25 00:32:24',0,NULL,1),
	 (217,'180587',2,'2022-02-28 00:00:00','上午','2022-02-28 00:00:00','下午',1.0,'',1,'2022-04-25 00:32:24',0,NULL,1),
	 (218,'180051',1,'2022-03-28 00:00:00','上午','2022-03-30 00:00:00','下午',3.0,'',1,'2022-04-25 00:32:24',0,NULL,1),
	 (219,'180051',2,'2022-03-31 00:00:00','上午','2022-04-01 00:00:00','下午',2.0,'',1,'2022-04-25 00:32:24',0,NULL,1);

INSERT INTO UMS_DAY_OFF_TYPE (ID,NAME,NOTE,CREATE_USER,CREATE_TIME,UPDATE_USER,UPDATE_TIME,MARK) VALUES
	 (1,'年假','年假',1,'2022-02-23 00:36:10.883',0,NULL,1),
	 (2,'事假','事假',1,'2022-02-23 00:36:18.48',0,NULL,1),
	 (3,'病假','病假',1,'2022-02-23 00:36:26.579',0,NULL,1),
	 (4,'婚假','婚假',1,'2022-02-23 00:36:38.766',0,NULL,1),
	 (5,'产假/陪产假','产假/陪产假',1,'2022-03-02 23:05:26.834',1,'2022-03-02 23:05:39.602',1),
	 (6,'丧亲假','丧亲假',1,'2022-03-02 23:05:56.601',1,'2022-03-02 23:07:54.713',1),
	 (7,'育儿假','育儿假',1,'2022-03-02 23:06:51.193',0,NULL,1);

INSERT INTO UMS_EMPLOYEE (EMPLOYEE_ID,REALNAME,NICKNAME,GENDER,AVATAR,MOBILE,EMAIL,BIRTHDAY,DEPT_ID,LEVEL_ID,POSITION_ID,PROVINCE_ID,CITY_ID,DISTRICT_ID,ADDRESS,ENROLLMENT_DATE,FORMAL_DATE,LEAVE_DATE,WORK_YEAR,STATUS,NOTE,CREATE_USER,CREATE_TIME,UPDATE_USER,UPDATE_TIME,MARK) VALUES
	 ('180010','胡宇澄','',1,NULL,'','',NULL,18,17,NULL,NULL,NULL,NULL,NULL,'2009-08-18 00:00:00',NULL,NULL,12.539999961853027,NULL,'',0,NULL,0,NULL,1),
	 ('180012','魏轩','',1,NULL,'','',NULL,19,17,NULL,NULL,NULL,NULL,NULL,'2009-08-18 00:00:00',NULL,NULL,12.539999961853027,NULL,'',0,NULL,0,NULL,1),
	 ('180015','李刚','',1,NULL,'','',NULL,20,18,NULL,NULL,NULL,NULL,NULL,'2009-08-18 00:00:00',NULL,NULL,12.539999961853027,NULL,'',0,NULL,0,NULL,1),
	 ('180016','潘礼','',1,NULL,'','',NULL,21,19,NULL,NULL,NULL,NULL,NULL,'2009-12-01 00:00:00',NULL,NULL,12.25,NULL,'',0,NULL,0,NULL,1),
	 ('180020','姜岚','',1,NULL,'','',NULL,22,19,NULL,NULL,NULL,NULL,NULL,'2010-05-01 00:00:00',NULL,NULL,11.84000015258789,NULL,'',0,NULL,0,NULL,1),
	 ('180027','修建忠','',1,NULL,'','',NULL,22,20,NULL,NULL,NULL,NULL,NULL,'2011-01-01 00:00:00','2011-04-01 00:00:00',NULL,11.15999984741211,NULL,'',0,NULL,0,NULL,1),
	 ('180028','唐敏敏','',1,NULL,'','',NULL,22,20,NULL,NULL,NULL,NULL,NULL,'2011-02-01 00:00:00','2011-05-01 00:00:00',NULL,11.079999923706055,NULL,'',0,NULL,0,NULL,1),
	 ('180032','宋子成','',1,NULL,'','',NULL,21,20,NULL,NULL,NULL,NULL,NULL,'2011-03-02 00:00:00','2011-06-02 00:00:00',NULL,11.0,NULL,'',0,NULL,0,NULL,1),
	 ('180051','于得实','',1,NULL,'','',NULL,22,20,NULL,NULL,NULL,NULL,NULL,'2011-05-18 00:00:00','2011-08-18 00:00:00',NULL,10.789999961853027,NULL,'',0,NULL,0,NULL,1),
	 ('180087','陈国华','',1,NULL,'','',NULL,19,21,NULL,NULL,NULL,NULL,NULL,'2012-07-05 00:00:00','2012-10-05 00:00:00',NULL,9.65999984741211,NULL,'',0,NULL,0,NULL,1),
	 ('180093','王翔','',1,NULL,'','',NULL,23,22,NULL,NULL,NULL,NULL,NULL,'2012-09-10 00:00:00','2012-12-10 00:00:00',NULL,9.470000267028809,NULL,'',0,NULL,0,NULL,1),
	 ('180111','王瑞立','',1,NULL,'','',NULL,22,20,NULL,NULL,NULL,NULL,NULL,'2012-12-18 00:00:00','2013-03-18 00:00:00',NULL,9.199999809265137,NULL,'',0,NULL,0,NULL,1),
	 ('180138','廖维','',2,NULL,'','',NULL,19,21,NULL,NULL,NULL,NULL,NULL,'2013-04-08 00:00:00','2013-07-08 00:00:00',NULL,8.899999618530273,NULL,'',0,NULL,0,NULL,1),
	 ('180139','燕婷婷','',2,NULL,'','',NULL,21,20,NULL,NULL,NULL,NULL,NULL,'2013-04-01 00:00:00','2013-07-01 00:00:00',NULL,8.920000076293945,NULL,'',0,NULL,0,NULL,1),
	 ('180156','菲菲','',2,NULL,'','',NULL,24,20,NULL,NULL,NULL,NULL,NULL,'2013-01-07 00:00:00','2013-04-07 00:00:00',NULL,9.149999618530273,NULL,'',0,NULL,0,NULL,1),
	 ('180165','张浪','',1,NULL,'','',NULL,25,20,NULL,NULL,NULL,NULL,NULL,'2013-08-08 00:00:00','2013-11-08 00:00:00',NULL,8.5600004196167,NULL,'',0,NULL,0,NULL,1),
	 ('180169','王晓静','',2,NULL,'','',NULL,26,21,NULL,NULL,NULL,NULL,NULL,'2013-08-22 00:00:00','2013-11-22 00:00:00',NULL,8.529999732971191,NULL,'',0,NULL,0,NULL,1),
	 ('180175','岳瑞婷','',2,NULL,'','',NULL,23,23,NULL,NULL,NULL,NULL,NULL,'2013-11-04 00:00:00','2014-02-04 00:00:00',NULL,8.319999694824219,NULL,'',0,NULL,0,NULL,1),
	 ('180178','欧万里','',1,NULL,'','',NULL,19,23,NULL,NULL,NULL,NULL,NULL,'2013-11-27 00:00:00','2014-02-27 00:00:00',NULL,8.260000228881836,NULL,'',0,NULL,0,NULL,1),
	 ('180216','王梓瑗','',2,NULL,'','',NULL,26,24,NULL,NULL,NULL,NULL,NULL,'2015-03-09 00:00:00','2015-06-09 00:00:00',NULL,6.980000019073486,NULL,'',0,NULL,0,NULL,1),
	 ('180269','任艳新','',1,NULL,'','',NULL,27,23,NULL,NULL,NULL,NULL,NULL,'2016-04-20 00:00:00','2016-07-20 00:00:00',NULL,5.860000133514404,NULL,'',0,NULL,0,NULL,1),
	 ('180267','徐萍','',2,NULL,'','',NULL,26,25,NULL,NULL,NULL,NULL,NULL,'2016-05-03 00:00:00','2016-08-03 00:00:00',NULL,5.829999923706055,NULL,'',0,NULL,0,NULL,1),
	 ('180275','曹阳','',1,NULL,'','',NULL,28,21,NULL,NULL,NULL,NULL,NULL,'2016-06-06 00:00:00','2016-09-06 00:00:00',NULL,5.739999771118164,NULL,'',0,NULL,0,NULL,1),
	 ('180278','李其坚','',1,NULL,'','',NULL,26,26,NULL,NULL,NULL,NULL,NULL,'2016-08-01 00:00:00',NULL,NULL,0.10000000149011612,NULL,'',0,NULL,0,NULL,1),
	 ('180279','李汝红','',2,NULL,'','',NULL,26,26,NULL,NULL,NULL,NULL,NULL,'2016-08-01 00:00:00',NULL,NULL,0.10000000149011612,NULL,'',0,NULL,0,NULL,1),
	 ('180285','彭铭杰','',1,NULL,'','',NULL,19,25,NULL,NULL,NULL,NULL,NULL,'2016-09-18 00:00:00','2016-12-18 00:00:00',NULL,5.449999809265137,NULL,'',0,NULL,0,NULL,1),
	 ('180287','黄江','',1,NULL,'','',NULL,28,26,NULL,NULL,NULL,NULL,NULL,'2016-10-08 00:00:00','2017-01-08 00:00:00',NULL,5.400000095367432,NULL,'',0,NULL,0,NULL,1),
	 ('180310','高春艳','',2,NULL,'','',NULL,26,23,NULL,NULL,NULL,NULL,NULL,'2017-05-03 00:00:00','2017-08-03 00:00:00',NULL,4.829999923706055,NULL,'',0,NULL,0,NULL,1),
	 ('180345','林岳烘','',1,NULL,'','',NULL,19,20,NULL,NULL,NULL,NULL,NULL,'2018-07-09 00:00:00','2018-10-09 00:00:00',NULL,3.6500000953674316,NULL,'',0,NULL,0,NULL,1),
	 ('180348','张宇','',1,NULL,'','',NULL,28,23,NULL,NULL,NULL,NULL,NULL,'2018-07-09 00:00:00','2018-10-09 00:00:00',NULL,3.6500000953674316,NULL,'',0,NULL,0,NULL,1),
	 ('180351','张枫','',1,NULL,'','',NULL,28,26,NULL,NULL,NULL,NULL,NULL,'2018-07-16 00:00:00','2018-10-16 00:00:00',NULL,3.630000114440918,NULL,'',0,NULL,0,NULL,1),
	 ('180357','蔡成龙','',1,NULL,'','',NULL,19,25,NULL,NULL,NULL,NULL,NULL,'2018-09-05 00:00:00','2018-12-05 00:00:00',NULL,3.490000009536743,NULL,'',0,NULL,0,NULL,1),
	 ('180363','徐莉','',2,NULL,'','',NULL,21,25,NULL,NULL,NULL,NULL,NULL,'2018-11-14 00:00:00','2019-02-14 00:00:00',NULL,3.299999952316284,NULL,'',0,NULL,0,NULL,1),
	 ('180368','赵发权','',1,NULL,'','',NULL,19,26,NULL,NULL,NULL,NULL,NULL,'2018-12-10 00:00:00','2019-03-10 00:00:00',NULL,3.2300000190734863,NULL,'',0,NULL,0,NULL,1),
	 ('180373','张斌','',1,NULL,'','',NULL,28,24,NULL,NULL,NULL,NULL,NULL,'2019-04-17 00:00:00','2019-07-17 00:00:00',NULL,2.869999885559082,NULL,'',0,NULL,0,NULL,1),
	 ('180388','夏乙','',1,NULL,'','',NULL,28,26,NULL,NULL,NULL,NULL,NULL,'2019-07-01 00:00:00','2019-10-01 00:00:00',NULL,2.6700000762939453,NULL,'',0,NULL,0,NULL,1),
	 ('180389','金家朗','',1,NULL,'','',NULL,28,26,NULL,NULL,NULL,NULL,NULL,'2019-07-01 00:00:00','2019-10-01 00:00:00',NULL,2.6700000762939453,NULL,'',0,NULL,0,NULL,1),
	 ('180392','许仲毅','',1,NULL,'','',NULL,19,24,NULL,NULL,NULL,NULL,NULL,'2019-07-25 00:00:00','2019-10-25 00:00:00',NULL,2.5999999046325684,NULL,'',0,NULL,0,NULL,1),
	 ('180393','孙翔','',1,NULL,'','',NULL,21,26,NULL,NULL,NULL,NULL,NULL,'2019-07-29 00:00:00','2019-10-29 00:00:00',NULL,2.5899999141693115,NULL,'',0,NULL,0,NULL,1),
	 ('180397','贾璐','',2,NULL,'','',NULL,21,23,NULL,NULL,NULL,NULL,NULL,'2019-09-09 00:00:00','2019-12-09 00:00:00',NULL,2.4800000190734863,NULL,'',0,NULL,0,NULL,1),
	 ('180400','刘娇','',2,NULL,'','',NULL,20,26,NULL,NULL,NULL,NULL,NULL,'2019-09-24 00:00:00',NULL,NULL,2.440000057220459,NULL,'',0,NULL,0,NULL,1),
	 ('180401','李均强','',1,NULL,'','',NULL,19,26,NULL,NULL,NULL,NULL,NULL,'2019-09-26 00:00:00','2019-12-26 00:00:00',NULL,2.430000066757202,NULL,'',0,NULL,0,NULL,1),
	 ('180410','韩彦志','',1,NULL,'','',NULL,29,22,NULL,NULL,NULL,NULL,NULL,'2020-01-01 00:00:00','2020-04-01 00:00:00',NULL,2.1700000762939453,NULL,'',0,NULL,0,NULL,1),
	 ('180418','张文亮','',1,NULL,'','',NULL,23,24,NULL,NULL,NULL,NULL,NULL,'2020-03-16 00:00:00','2020-06-16 00:00:00',NULL,1.9600000381469727,NULL,'',0,NULL,0,NULL,1),
	 ('180421','杜岩','',1,NULL,'','',NULL,27,25,NULL,NULL,NULL,NULL,NULL,'2020-03-23 00:00:00','2020-06-23 00:00:00',NULL,1.940000057220459,NULL,'',0,NULL,0,NULL,1),
	 ('180022','卢坤','',1,NULL,'','',NULL,19,27,NULL,NULL,NULL,NULL,NULL,'2020-03-23 00:00:00','2020-04-23 00:00:00',NULL,1.940000057220459,NULL,'',0,NULL,0,NULL,1),
	 ('180423','张怡心','',1,NULL,'','',NULL,30,26,NULL,NULL,NULL,NULL,NULL,'2020-03-25 00:00:00','2020-06-25 00:00:00',NULL,1.940000057220459,NULL,'',0,NULL,0,NULL,1),
	 ('180426','陈晓良','',1,NULL,'','',NULL,19,26,NULL,NULL,NULL,NULL,NULL,'2020-04-07 00:00:00','2020-07-07 00:00:00',NULL,1.899999976158142,NULL,'',0,NULL,0,NULL,1),
	 ('180430','潘家维','',1,NULL,'','',NULL,21,26,NULL,NULL,NULL,NULL,NULL,'2020-04-20 00:00:00','2020-07-20 00:00:00',NULL,1.8600000143051147,NULL,'',0,NULL,0,NULL,1),
	 ('180431','冯金国','',1,NULL,'','',NULL,19,26,NULL,NULL,NULL,NULL,NULL,'2020-05-07 00:00:00','2020-08-07 00:00:00',NULL,1.8200000524520874,NULL,'',0,NULL,0,NULL,1),
	 ('180436','刘芷晴','',2,NULL,'','',NULL,19,26,NULL,NULL,NULL,NULL,NULL,'2020-05-18 00:00:00','2020-08-18 00:00:00',NULL,1.7899999618530273,NULL,'',0,NULL,0,NULL,1),
	 ('180437','王婷','',2,NULL,'','',NULL,28,26,NULL,NULL,NULL,NULL,NULL,'2020-05-25 00:00:00','2020-08-25 00:00:00',NULL,1.7699999809265137,NULL,'',0,NULL,0,NULL,1),
	 ('180438','于雯','',2,NULL,'','',NULL,29,25,NULL,NULL,NULL,NULL,NULL,'2020-06-01 00:00:00','2020-07-01 00:00:00',NULL,1.75,NULL,'',0,NULL,0,NULL,1),
	 ('180440','贾琪','',1,NULL,'','',NULL,19,26,NULL,NULL,NULL,NULL,NULL,'2020-06-16 00:00:00','2020-09-16 00:00:00',NULL,1.7100000381469727,NULL,'',0,NULL,0,NULL,1),
	 ('180443','杨辉跃','',1,NULL,'','',NULL,19,25,NULL,NULL,NULL,NULL,NULL,'2020-06-22 00:00:00','2020-09-22 00:00:00',NULL,1.690000057220459,NULL,'',0,NULL,0,NULL,1),
	 ('180447','王光乐','',1,NULL,'','',NULL,19,23,NULL,NULL,NULL,NULL,NULL,'2020-07-08 00:00:00','2020-10-08 00:00:00',NULL,1.649999976158142,NULL,'',0,NULL,0,NULL,1),
	 ('180448','胡应国','',1,NULL,'','',NULL,31,23,NULL,NULL,NULL,NULL,NULL,'2020-07-15 00:00:00','2020-10-15 00:00:00',NULL,1.6299999952316284,NULL,'',0,NULL,0,NULL,1),
	 ('180449','陈春机','',2,NULL,'','',NULL,19,26,NULL,NULL,NULL,NULL,NULL,'2020-07-20 00:00:00','2020-10-20 00:00:00',NULL,1.6200000047683716,NULL,'',0,NULL,0,NULL,1),
	 ('180456','王珊','',2,NULL,'','',NULL,26,26,NULL,NULL,NULL,NULL,NULL,'2020-10-13 00:00:00','2021-01-13 00:00:00',NULL,1.3799999952316284,NULL,'',0,NULL,0,NULL,1),
	 ('180460','蔡清峰','',1,NULL,'','',NULL,21,24,NULL,NULL,NULL,NULL,NULL,'2020-10-26 00:00:00','2021-01-26 00:00:00',NULL,1.350000023841858,NULL,'',0,NULL,0,NULL,1),
	 ('180461','陈焕林','',1,NULL,'','',NULL,19,26,NULL,NULL,NULL,NULL,NULL,'2020-11-02 00:00:00','2021-02-02 00:00:00',NULL,1.3300000429153442,NULL,'',0,NULL,0,NULL,1),
	 ('180462','张频','',1,NULL,'','',NULL,24,26,NULL,NULL,NULL,NULL,NULL,'2020-11-02 00:00:00','2021-02-02 00:00:00',NULL,1.3300000429153442,NULL,'',0,NULL,0,NULL,1),
	 ('180463','陈少聪','',1,NULL,'','',NULL,19,26,NULL,NULL,NULL,NULL,NULL,'2020-11-02 00:00:00','2021-02-02 00:00:00',NULL,1.3300000429153442,NULL,'',0,NULL,0,NULL,1),
	 ('180465','贺林海','',1,NULL,'','',NULL,27,26,NULL,NULL,NULL,NULL,NULL,'2020-11-23 00:00:00','2021-02-23 00:00:00',NULL,1.2699999809265137,NULL,'',0,NULL,0,NULL,1),
	 ('180466','徐克明','',1,NULL,'','',NULL,24,26,NULL,NULL,NULL,NULL,NULL,'2020-11-30 00:00:00','2021-02-28 00:00:00',NULL,1.25,NULL,'',0,NULL,0,NULL,1),
	 ('180468','高茂好','',1,NULL,'','',NULL,28,26,NULL,NULL,NULL,NULL,NULL,'2021-01-11 00:00:00','2021-04-11 00:00:00',NULL,1.1399999856948853,NULL,'',0,NULL,0,NULL,1),
	 ('180500','任贵霞','',2,NULL,'','',NULL,26,26,NULL,NULL,NULL,NULL,NULL,'2021-02-02 00:00:00','2021-05-02 00:00:00',NULL,1.0800000429153442,NULL,'',0,NULL,0,NULL,1),
	 ('180408','王进','',1,NULL,'','',NULL,29,20,NULL,NULL,NULL,NULL,NULL,'2021-02-22 00:00:00','2021-03-22 00:00:00',NULL,1.0199999809265137,NULL,'',0,NULL,0,NULL,1),
	 ('180502','周文奎','',1,NULL,'','',NULL,22,20,NULL,NULL,NULL,NULL,NULL,'2021-03-01 00:00:00','2021-06-01 00:00:00',NULL,1.0,NULL,'',0,NULL,0,NULL,1),
	 ('180506','刘红莲','',2,NULL,'','',NULL,26,24,NULL,NULL,NULL,NULL,NULL,'2021-03-08 00:00:00','2021-06-08 00:00:00',NULL,0.9800000190734863,NULL,'',0,NULL,0,NULL,1),
	 ('180507','李娟','',2,NULL,'','',NULL,19,24,NULL,NULL,NULL,NULL,NULL,'2021-03-18 00:00:00','2021-06-18 00:00:00',NULL,0.9599999785423279,NULL,'',0,NULL,0,NULL,1),
	 ('180509','张闪闪','',2,NULL,'','',NULL,26,26,NULL,NULL,NULL,NULL,NULL,'2021-03-29 00:00:00','2021-06-29 00:00:00',NULL,0.9300000071525574,NULL,'',0,NULL,0,NULL,1),
	 ('180512','陶龙杰','',1,NULL,'','',NULL,19,26,NULL,NULL,NULL,NULL,NULL,'2021-04-19 00:00:00','2021-07-19 00:00:00',NULL,0.8700000047683716,NULL,'',0,NULL,0,NULL,1),
	 ('180515','黄业豪','',1,NULL,'','',NULL,19,26,NULL,NULL,NULL,NULL,NULL,'2021-04-19 00:00:00','2021-07-19 00:00:00',NULL,0.8700000047683716,NULL,'',0,NULL,0,NULL,1),
	 ('180520','侯磊','',1,NULL,'','',NULL,27,26,NULL,NULL,NULL,NULL,NULL,'2021-05-10 00:00:00','2021-08-10 00:00:00',NULL,0.8100000023841858,NULL,'',0,NULL,0,NULL,1),
	 ('180521','路建成','',1,NULL,'','',NULL,27,24,NULL,NULL,NULL,NULL,NULL,'2021-05-17 00:00:00','2021-08-17 00:00:00',NULL,0.7900000214576721,NULL,'',0,NULL,0,NULL,1),
	 ('180522','纪大伟','',1,NULL,'','',NULL,28,26,NULL,NULL,NULL,NULL,NULL,'2021-06-07 00:00:00','2021-09-07 00:00:00',NULL,0.7300000190734863,NULL,'',0,NULL,0,NULL,1),
	 ('180523','苏梦雨','',2,NULL,'','',NULL,21,26,NULL,NULL,NULL,NULL,NULL,'2021-06-09 00:00:00','2021-09-09 00:00:00',NULL,0.7300000190734863,NULL,'',0,NULL,0,NULL,1),
	 ('180525','廖乃坚','',1,NULL,'','',NULL,31,20,NULL,NULL,NULL,NULL,NULL,'2021-06-09 00:00:00','2021-09-09 00:00:00',NULL,0.7300000190734863,NULL,'',0,NULL,0,NULL,1),
	 ('180526','余灏','',1,NULL,'','',NULL,19,26,NULL,NULL,NULL,NULL,NULL,'2021-06-09 00:00:00','2021-09-09 00:00:00',NULL,0.7300000190734863,NULL,'',0,NULL,0,NULL,1),
	 ('180530','魏盼盼','',2,NULL,'','',NULL,30,23,NULL,NULL,NULL,NULL,NULL,'2021-07-01 00:00:00','2021-10-01 00:00:00',NULL,0.6700000166893005,NULL,'',0,NULL,0,NULL,1),
	 ('180531','夏继波','',1,NULL,'','',NULL,27,24,NULL,NULL,NULL,NULL,NULL,'2021-07-12 00:00:00','2021-10-12 00:00:00',NULL,0.6399999856948853,NULL,'',0,NULL,0,NULL,1),
	 ('180532','李书博','',1,NULL,'','',NULL,27,26,NULL,NULL,NULL,NULL,NULL,'2021-07-16 00:00:00','2021-10-16 00:00:00',NULL,0.6299999952316284,NULL,'',0,NULL,0,NULL,1),
	 ('180533','陈丽莎','',2,NULL,'','',NULL,19,24,NULL,NULL,NULL,NULL,NULL,'2021-08-03 00:00:00','2021-11-03 00:00:00',NULL,0.5799999833106995,NULL,'',0,NULL,0,NULL,1),
	 ('180535','姚婷玉','',2,NULL,'','',NULL,19,26,NULL,NULL,NULL,NULL,NULL,'2021-08-17 00:00:00','2021-11-17 00:00:00',NULL,0.5400000214576721,NULL,'',0,NULL,0,NULL,1),
	 ('180536','区广锒','',1,NULL,'','',NULL,19,26,NULL,NULL,NULL,NULL,NULL,'2021-08-24 00:00:00','2021-11-24 00:00:00',NULL,0.5199999809265137,NULL,'',0,NULL,0,NULL,1),
	 ('180537','肖彪','',1,NULL,'','',NULL,32,20,NULL,NULL,NULL,NULL,NULL,'2021-08-25 00:00:00','2021-11-25 00:00:00',NULL,0.5199999809265137,NULL,'',0,NULL,0,NULL,1),
	 ('180539','毕超泽','',1,NULL,'','',NULL,24,26,NULL,NULL,NULL,NULL,NULL,'2021-08-25 00:00:00','2021-11-25 00:00:00',NULL,0.5199999809265137,NULL,'',0,NULL,0,NULL,1),
	 ('180550','张曦','',1,NULL,'','',NULL,20,20,NULL,NULL,NULL,NULL,NULL,'2021-08-09 00:00:00','2021-11-09 00:00:00',NULL,0.5600000023841858,NULL,'',0,NULL,0,NULL,1),
	 ('180551','赵志楠','',1,NULL,'','',NULL,20,25,NULL,NULL,NULL,NULL,NULL,'2021-08-18 00:00:00','2021-11-18 00:00:00',NULL,0.5400000214576721,NULL,'',0,NULL,0,NULL,1),
	 ('180552','李海争','',1,NULL,'','',NULL,20,20,NULL,NULL,NULL,NULL,NULL,'2021-09-01 00:00:00','2021-12-01 00:00:00',NULL,0.5,NULL,'',0,NULL,0,NULL,1),
	 ('180555','黎剑豪','',1,NULL,'','',NULL,19,26,NULL,NULL,NULL,NULL,NULL,'2021-09-08 00:00:00','2021-12-08 00:00:00',NULL,0.47999998927116394,NULL,'',0,NULL,0,NULL,1),
	 ('180557','赵海','',1,NULL,'','',NULL,23,26,NULL,NULL,NULL,NULL,NULL,'2021-09-08 00:00:00','2021-12-08 00:00:00',NULL,0.47999998927116394,NULL,'',0,NULL,0,NULL,1),
	 ('180558','张望日','',1,NULL,'','',NULL,19,26,NULL,NULL,NULL,NULL,NULL,'2021-09-17 00:00:00','2021-12-17 00:00:00',NULL,0.44999998807907104,NULL,'',0,NULL,0,NULL,1),
	 ('180560','胡进芳','',2,NULL,'','',NULL,32,20,NULL,NULL,NULL,NULL,NULL,'2021-09-01 00:00:00','2021-12-01 00:00:00',NULL,0.5,NULL,'',0,NULL,0,NULL,1),
	 ('180561','刘玉环','',2,NULL,'','',NULL,31,25,NULL,NULL,NULL,NULL,NULL,'2021-09-26 00:00:00','2021-12-26 00:00:00',NULL,0.4300000071525574,NULL,'',0,NULL,0,NULL,1),
	 ('180562','诸建明','',1,NULL,'','',NULL,19,26,NULL,NULL,NULL,NULL,NULL,'2021-10-09 00:00:00','2022-01-09 00:00:00',NULL,0.38999998569488525,NULL,'',0,NULL,0,NULL,1),
	 ('180563','李丹','',2,NULL,'','',NULL,33,23,NULL,NULL,NULL,NULL,NULL,'2021-10-08 00:00:00','2022-01-08 00:00:00',NULL,0.4000000059604645,NULL,'',0,NULL,0,NULL,1),
	 ('180566','韩乐乐','',1,NULL,'','',NULL,33,22,NULL,NULL,NULL,NULL,NULL,'2021-10-11 00:00:00','2022-01-11 00:00:00',NULL,0.38999998569488525,NULL,'',0,NULL,0,NULL,1),
	 ('180567','林耀天','',1,NULL,'','',NULL,31,23,NULL,NULL,NULL,NULL,NULL,'2021-10-11 00:00:00','2022-01-11 00:00:00',NULL,0.38999998569488525,NULL,'',0,NULL,0,NULL,1);
INSERT INTO UMS_EMPLOYEE (EMPLOYEE_ID,REALNAME,NICKNAME,GENDER,AVATAR,MOBILE,EMAIL,BIRTHDAY,DEPT_ID,LEVEL_ID,POSITION_ID,PROVINCE_ID,CITY_ID,DISTRICT_ID,ADDRESS,ENROLLMENT_DATE,FORMAL_DATE,LEAVE_DATE,WORK_YEAR,STATUS,NOTE,CREATE_USER,CREATE_TIME,UPDATE_USER,UPDATE_TIME,MARK) VALUES
	 ('180568','段学红','',1,NULL,'','',NULL,19,25,NULL,NULL,NULL,NULL,NULL,'2021-10-18 00:00:00','2022-01-18 00:00:00',NULL,0.3700000047683716,NULL,'',0,NULL,0,NULL,1),
	 ('180571','寇之旭','',1,NULL,'','',NULL,32,25,NULL,NULL,NULL,NULL,NULL,'2021-11-04 00:00:00','2022-02-04 00:00:00',NULL,0.3199999928474426,NULL,'',0,NULL,0,NULL,1),
	 ('180572','邵坤','',1,NULL,'','',NULL,30,26,NULL,NULL,NULL,NULL,NULL,'2021-11-08 00:00:00','2022-02-08 00:00:00',NULL,0.3100000023841858,NULL,'',0,NULL,0,NULL,1),
	 ('180573','李力','',1,NULL,'','',NULL,28,26,NULL,NULL,NULL,NULL,NULL,'2021-11-08 00:00:00','2022-02-08 00:00:00',NULL,0.3100000023841858,NULL,'',0,NULL,0,NULL,1),
	 ('180575','丁玲','',2,NULL,'','',NULL,19,25,NULL,NULL,NULL,NULL,NULL,'2021-11-12 00:00:00','2022-02-12 00:00:00',NULL,0.30000001192092896,NULL,'',0,NULL,0,NULL,1),
	 ('180576','潘梓枫','',1,NULL,'','',NULL,19,26,NULL,NULL,NULL,NULL,NULL,'2021-11-24 00:00:00','2022-02-24 00:00:00',NULL,0.27000001072883606,NULL,'',0,NULL,0,NULL,1),
	 ('180577','胡宏','',1,NULL,'','',NULL,19,25,NULL,NULL,NULL,NULL,NULL,'2021-11-25 00:00:00','2022-02-25 00:00:00',NULL,0.27000001072883606,NULL,'',0,NULL,0,NULL,1),
	 ('180579','张云飞','',1,NULL,'','',NULL,24,26,NULL,NULL,NULL,NULL,NULL,'2021-12-22 00:00:00','2022-03-22 00:00:00',NULL,0.1899999976158142,NULL,'',0,NULL,0,NULL,1),
	 ('180580','陈诗琪','',2,NULL,'','',NULL,19,24,NULL,NULL,NULL,NULL,NULL,'2022-01-06 00:00:00','2022-04-06 00:00:00',NULL,0.15000000596046448,NULL,'',0,NULL,0,NULL,1),
	 ('180581','胡萱柔','',2,NULL,'','',NULL,19,26,NULL,NULL,NULL,NULL,NULL,'2022-01-11 00:00:00','2022-04-11 00:00:00',NULL,0.14000000059604645,NULL,'',0,NULL,0,NULL,1),
	 ('180582','刘盼盼','',2,NULL,'','',NULL,21,24,NULL,NULL,NULL,NULL,NULL,'2022-01-17 00:00:00','2022-04-17 00:00:00',NULL,0.11999999731779099,NULL,'',0,NULL,0,NULL,1),
	 ('180586','谢嘉豪','',1,NULL,'','',NULL,19,26,NULL,NULL,NULL,NULL,NULL,'2022-02-08 00:00:00','2022-05-08 00:00:00',NULL,0.05999999865889549,NULL,'',0,NULL,0,NULL,1),
	 ('180587','姚月','',2,NULL,'','',NULL,21,26,NULL,NULL,NULL,NULL,NULL,'2022-02-15 00:00:00','2022-05-15 00:00:00',NULL,0.03999999910593033,NULL,'',0,NULL,0,NULL,1),
	 ('180588','赵萌','',2,NULL,'','',NULL,31,23,NULL,NULL,NULL,NULL,NULL,'2022-03-01 00:00:00','2022-06-01 00:00:00',NULL,0.0,NULL,'',0,NULL,0,NULL,1);

INSERT INTO UMS_EMPLOYEE_SPECIAL_ANNUAL_VACATION_SETTING (ID,EMPLOYEE_ID,DAYS,NOTE,CREATE_USER,CREATE_TIME,UPDATE_USER,UPDATE_TIME,MARK) VALUES
	 (1,'180310',10,'工龄满10年',1,'2022-03-22 20:53:55.281',0,NULL,1);

INSERT INTO UMS_LEVEL_ANNUAL_VACATION_SETTING (ID,LEVEL_ID,DAYS,NOTE,CREATE_USER,CREATE_TIME,UPDATE_USER,UPDATE_TIME,MARK) VALUES
	 (1,26,5,'',1,'2022-03-02 23:01:14.999',0,NULL,1),
	 (2,24,5,'',1,'2022-03-02 23:01:24.386',0,NULL,1),
	 (3,25,5,'',1,'2022-03-02 23:01:32.203',0,NULL,1),
	 (4,23,5,'',1,'2022-03-02 23:01:39.844',0,NULL,1),
	 (5,20,10,'',1,'2022-03-02 23:01:48.498',0,NULL,1),
	 (6,21,10,'',1,'2022-03-02 23:01:56.627',0,NULL,1),
	 (7,27,10,'',1,'2022-03-02 23:02:16.152',0,NULL,1),
	 (8,19,10,'',1,'2022-03-02 23:02:24.935',0,NULL,1),
	 (9,22,15,'',1,'2022-03-02 23:02:40',0,NULL,1),
	 (10,18,15,'',1,'2022-03-02 23:02:50.688',0,NULL,1),
	 (11,17,15,'',1,'2022-03-02 23:03:03.315',0,NULL,1);

INSERT INTO UMS_NATURE_YEAR_ANNUAL_VACATION_BALANCE (ID,EMPLOYEE_ID,`YEAR`,DAYS,NOTE,CREATE_USER,CREATE_TIME,UPDATE_USER,UPDATE_TIME,MARK) VALUES
	 (1,'B26',2021,3.0,'',1,'2022-02-22 23:48:21.901',0,NULL,0),
	 (2,'180010',2021,15.0,'',1,'2022-03-02 23:12:22.356',0,NULL,1),
	 (3,'180012',2021,15.0,'',1,'2022-03-02 23:12:47.558',0,NULL,1),
	 (4,'180015',2021,6.0,'',1,'2022-03-02 23:13:17.881',0,NULL,1),
	 (5,'180016',2021,8.0,'',1,'2022-03-02 23:13:40.286',0,NULL,1),
	 (6,'180020',2021,9.0,'',1,'2022-03-02 23:13:59.122',0,NULL,1),
	 (7,'180027',2021,9.0,'',1,'2022-03-02 23:14:16.866',0,NULL,1),
	 (8,'180028',2021,5.0,'',1,'2022-03-02 23:14:50.406',0,NULL,1),
	 (9,'180032',2021,6.0,'',1,'2022-03-02 23:15:17.573',0,NULL,1),
	 (10,'180051',2021,1.0,'',1,'2022-03-02 23:15:36.876',0,NULL,1),
	 (11,'180087',2021,5.0,'',1,'2022-03-02 23:15:57.563',0,NULL,1),
	 (12,'180093',2021,14.0,'',1,'2022-03-02 23:16:18.144',0,NULL,1),
	 (13,'180111',2021,7.0,'',1,'2022-03-02 23:16:35.209',0,NULL,1),
	 (14,'180138',2021,6.0,'',1,'2022-03-02 23:16:56.206',0,NULL,1),
	 (15,'180139',2021,5.0,'',1,'2022-03-02 23:17:15.459',0,NULL,1),
	 (16,'180156',2021,6.0,'',1,'2022-03-02 23:17:39.774',0,NULL,1),
	 (17,'180165',2021,10.0,'',1,'2022-03-02 23:17:59.302',0,NULL,1),
	 (18,'180169',2021,1.0,'',1,'2022-03-02 23:18:18.438',0,NULL,1),
	 (19,'180175',2021,3.0,'',1,'2022-03-02 23:18:35.855',0,NULL,1),
	 (20,'180178',2021,4.0,'',1,'2022-03-02 23:18:54.509',0,NULL,1),
	 (21,'180216',2021,0.0,'',1,'2022-03-02 23:19:18.973',0,NULL,1),
	 (22,'180269',2021,1.0,'',1,'2022-03-02 23:19:37.56',0,NULL,1),
	 (23,'180267',2021,7.0,'',1,'2022-03-02 23:20:01.89',0,NULL,1),
	 (24,'180275',2021,8.0,'',1,'2022-03-02 23:20:23.535',0,NULL,1),
	 (25,'180285',2021,0.0,'',1,'2022-03-02 23:20:42.721',0,NULL,1),
	 (26,'180287',2021,4.0,'',1,'2022-03-02 23:21:05.765',0,NULL,1),
	 (27,'180310',2021,0.0,'',1,'2022-03-02 23:21:25.142',0,NULL,1),
	 (28,'180345',2021,5.0,'',1,'2022-03-02 23:21:41.815',0,NULL,1),
	 (29,'180348',2021,5.0,'',1,'2022-03-02 23:21:58.265',0,NULL,1),
	 (30,'180351',2021,4.0,'',1,'2022-03-02 23:22:15.053',0,NULL,1),
	 (31,'180357',2021,4.0,'',1,'2022-03-02 23:22:29.511',0,NULL,1),
	 (32,'180363',2021,5.0,'',1,'2022-03-02 23:22:49.885',0,NULL,1),
	 (33,'180368',2021,5.0,'',1,'2022-03-02 23:23:14.175',0,NULL,1),
	 (34,'180373',2021,3.0,'',1,'2022-03-02 23:23:59.253',0,NULL,1),
	 (35,'180388',2021,2.0,'',1,'2022-03-02 23:24:30.055',1,'2022-03-02 23:24:47.411',1),
	 (36,'180389',2021,1.0,'',1,'2022-03-02 23:25:29.976',0,NULL,1),
	 (37,'180392',2021,3.0,'',1,'2022-03-02 23:25:48.38',0,NULL,1),
	 (38,'180393',2021,1.0,'',1,'2022-03-02 23:26:04.952',0,NULL,1),
	 (39,'180397',2021,0.0,'',1,'2022-03-02 23:26:28.654',0,NULL,1),
	 (40,'180401',2021,5.0,'',1,'2022-03-02 23:26:47.882',0,NULL,1),
	 (41,'180410',2021,12.0,'',1,'2022-03-02 23:27:04.89',0,NULL,1),
	 (42,'180418',2021,3.0,'',1,'2022-03-02 23:27:21.672',0,NULL,1),
	 (43,'180421',2021,1.0,'',1,'2022-03-02 23:28:49.957',0,NULL,1),
	 (44,'180022',2021,3.0,'',1,'2022-03-02 23:29:06.336',0,NULL,1),
	 (45,'180423',2021,3.0,'',1,'2022-03-02 23:29:22.007',0,NULL,1),
	 (46,'180426',2021,5.0,'',1,'2022-03-02 23:29:40.773',0,NULL,1),
	 (47,'180430',2021,0.0,'',1,'2022-03-02 23:29:56.722',0,NULL,1),
	 (48,'180431',2021,5.0,'',1,'2022-03-02 23:30:11.325',0,NULL,1),
	 (49,'180436',2021,1.0,'',1,'2022-03-02 23:30:25.297',0,NULL,1),
	 (50,'180437',2021,2.0,'',1,'2022-03-02 23:30:38.879',0,NULL,1),
	 (51,'180438',2021,10.0,'',1,'2022-03-02 23:30:55.575',0,NULL,1),
	 (52,'180440',2021,3.0,'',1,'2022-03-02 23:31:11.359',0,NULL,1),
	 (53,'180443',2021,2.0,'',1,'2022-03-02 23:31:30.445',0,NULL,1),
	 (54,'180447',2021,1.0,'',1,'2022-03-02 23:31:48.378',0,NULL,1),
	 (55,'180448',2021,0.0,'',1,'2022-03-02 23:32:06.68',0,NULL,1),
	 (56,'180449',2021,4.0,'',1,'2022-03-02 23:32:21.156',0,NULL,1),
	 (57,'180456',2021,1.0,'',1,'2022-03-02 23:32:34.525',0,NULL,1),
	 (58,'180460',2021,1.0,'',1,'2022-03-02 23:32:48.313',0,NULL,1),
	 (59,'180461',2021,0.0,'',1,'2022-03-02 23:33:06.001',0,NULL,1),
	 (60,'180462',2021,2.0,'',1,'2022-03-02 23:33:22.514',0,NULL,1),
	 (61,'180463',2021,0.0,'',1,'2022-03-02 23:33:42.697',0,NULL,1),
	 (62,'180465',2021,0.0,'',1,'2022-03-02 23:34:02.852',1,'2022-03-02 23:34:49.808',1),
	 (63,'180466',2021,0.0,'',1,'2022-03-02 23:34:15.553',0,NULL,1),
	 (64,'180468',2021,0.0,'',1,'2022-03-02 23:35:19.108',0,NULL,1),
	 (65,'180500',2021,4.0,'',1,'2022-03-02 23:35:34.664',0,NULL,1),
	 (66,'180408',2021,8.0,'',1,'2022-03-02 23:35:48.971',0,NULL,1),
	 (67,'180502',2021,7.0,'',1,'2022-03-02 23:36:06.128',0,NULL,1),
	 (68,'180506',2021,0.0,'',1,'2022-03-02 23:36:21.289',0,NULL,1),
	 (69,'180507',2021,2.0,'',1,'2022-03-02 23:36:35.481',0,NULL,1),
	 (70,'180509',2021,0.0,'',1,'2022-03-02 23:36:49.46',0,NULL,1),
	 (71,'180512',2021,0.0,'',1,'2022-03-02 23:37:06.594',0,NULL,1),
	 (72,'180515',2021,0.0,'',1,'2022-03-02 23:37:20.832',0,NULL,1),
	 (73,'180520',2021,0.0,'',1,'2022-03-02 23:37:34.912',0,NULL,1),
	 (74,'180521',2021,3.0,'',1,'2022-03-02 23:37:49.146',1,'2022-03-03 00:14:08.217',1);
